feature,accuracy_drop_mean,accuracy_drop_std,balanced_accuracy_drop_mean,balanced_accuracy_drop_std,f1_drop_mean,f1_drop_std,recall_drop_mean,recall_drop_std,auc_drop_mean,auc_drop_std
dst_port,0.1104066666666667,0.001628932847671212,0.1109853380470609,0.0016380372992841222,0.12003900302545278,0.0019217655911318613,0.18479546309734987,0.002814499902072418,0.031099116859210556,0.0005464834850968566
src_port,0.060960000000000014,0.0002628053779257171,0.061418390584894955,0.00026532423871720827,0.06531950687601744,0.00030445722369009764,0.1198865774337472,0.0006196388691823167,0.003992276854358878,7.76146175488626e-05
rst_count,0.03254666666666665,0.00035036488915920995,0.03276590090909226,0.00035076194810932477,0.033765890182012,0.000363901435365535,0.060729452238886185,0.00044934294192601064,0.0028989829877286897,0.00016890277892999653
ttl_mean,0.011573333333333324,0.00020286832072936623,0.011484872324568332,0.00020284644758245747,0.011430580813698632,0.0002013302123886613,0.00020158039025959992,0.00020023201131200464,0.0026164157528974683,0.00010045602049453009
ip_id_mean,0.002586666666666663,0.00011115554667019399,0.002571144703618559,0.00011109028797098244,0.002581604075185447,0.00011132187541756786,0.0005913024780949128,0.00014843521229351977,0.0022848023034111784,0.00010807776114471274
tcp_header_length_mean,0.07230666666666667,0.00039203174474640397,0.07289141151434357,0.0003947526928474167,0.07885433922613978,0.00045674717951495013,0.14747621351394932,0.0007419326851498289,0.0018165100528802307,3.323929369991266e-05
tcp_window_mean,0.03457999999999998,0.0006480740698407661,0.03486663056503433,0.0006530499426609122,0.036234009543537615,0.0007028327579861733,0.07142665161533084,0.0012877325302255297,0.0018094632197424392,1.571443077092763e-05
ack_count,0.0011533333333333395,0.00013888444437333496,0.0011707055581196002,0.00013878929238637474,0.0011722910322365572,0.0001396968939030874,0.0033865505563618705,0.00021585736714788476,0.0012009234154782094,6.561988653629352e-05
iat_max,-8.666666666667933e-05,5.7348835113631846e-05,-8.452892895464507e-05,5.7546804162404744e-05,-8.560694874570896e-05,5.772881333907412e-05,0.00018814169757563892,8.28416653626539e-05,0.000997712258315871,0.00013968331649438055
frame_length_mean,9.333333333335266e-05,4.9888765156996215e-05,9.57434849307252e-05,5.0003683158105974e-05,9.536166686718861e-05,5.018593507776154e-05,0.0004031607805192368,6.58358797716009e-05,0.0008588650573227626,0.00016988034502683758
iat_mean,-0.00010666666666669933,4.7140452079097985e-05,-0.00010562782581099069,4.707012553459617e-05,-0.0001064187477585558,4.729221750457766e-05,2.6877385367921985e-05,5.028298374961658e-05,0.000853013497653062,0.00014231199414468202
byte_rate,-0.00013333333333331865,6.182412330331464e-05,-0.00013198251238429512,6.157999911212051e-05,-0.00013299509883746286,6.192869969098222e-05,4.031607805191998e-05,3.291793988582311e-05,0.0008389248983555012,5.358552289328888e-06
forward_byte_count,5.333333333331266e-05,7.363574011460847e-05,5.563648639668924e-05,7.407594392329754e-05,5.5117112344775045e-05,7.425708597200125e-05,0.00034940600978335584,0.0001330362701796904,0.0008266134749598253,0.00012434550337881288
iat_min,-0.000160000000000012,1.6329931618525527e-05,-0.00015844173871652303,1.6332441026001623e-05,-0.0001596381419051903,1.6400759493854122e-05,4.031607805191998e-05,3.291793988582311e-05,0.0008207576483613513,0.00010510013183236168
ip_total_length_mean,0.00013333333333331865,6.599663291070576e-05,0.0001362686425005292,6.585297260338729e-05,0.00013589682140909462,6.619227917970325e-05,0.0005106703219910358,5.0282983749577016e-05,0.0007949483286426121,9.05716322319515e-05
flow_direction,-6.666666666673334e-06,2.4944382578517887e-05,-5.987568029497403e-06,2.5001841579072798e-05,-6.238343059720523e-06,2.508676920198914e-05,8.063215610383996e-05,3.291793988582311e-05,0.0007399782832091158,1.6079093552713268e-05
flow_byte_count,9.333333333335266e-05,4.109609335311958e-05,9.73115813147259e-05,4.103079566523601e-05,9.643289915077051e-05,4.124008276642489e-05,0.0006047411707788738,3.291793988582311e-05,0.0006820720573015304,9.485619434089127e-05
reverse_byte_count,5.999999999998599e-05,1.6329931618525527e-05,6.193767370292018e-05,1.6331102706936438e-05,6.156048427208294e-05,1.6401189321409276e-05,0.00030908993173139887,1.900518145427406e-05,0.0006454431392164395,4.826859704826057e-05
iat_std,0.0,2.8284271247490186e-05,2.0907951786552914e-06,2.835993063648191e-05,1.4041303712704807e-06,2.845815874261667e-05,0.00026877385367947887,3.8010362908495786e-05,0.0006440411863778787,7.651761120338982e-05
flow_duration,-8.0000000000006e-05,7.118052168022794e-05,-7.979583803234085e-05,7.095025452854542e-05,-8.019329129875057e-05,7.131838407304934e-05,-5.375477073591798e-05,5.028298374956713e-05,0.0006367204697390235,0.00014538872452718782
forward_packet_count,2.666666666665633e-05,2.4944382578468434e-05,2.687738536795899e-05,2.5058841792403053e-05,2.6917884018910303e-05,2.5124282994514905e-05,5.3754770735880975e-05,5.0282983749577016e-05,0.0005218838112349319,9.732001974114143e-05
fin_count,0.0006599999999999939,7.118052168019674e-05,0.0006623927143655598,7.174298669588849e-05,0.0006645013719402959,7.19139281006698e-05,0.0009675858732461906,0.00014348597339180816,0.0005116186469470799,8.333154637364674e-05
reverse_packet_count,6.666666666673334e-06,2.4944382578517887e-05,7.2420451366165634e-06,2.5253435045324344e-05,7.081587207561728e-06,2.5255790837973726e-05,8.063215610383996e-05,6.58358797716009e-05,0.0005002022118956543,0.00011555068356480296
psh_count,3.333333333329266e-05,3.771236166326791e-05,3.2969493156305894e-05,3.778881749244883e-05,3.322375631098495e-05,3.791562428115031e-05,-1.3438692683998e-05,5.0282983749577016e-05,0.00042414553702659524,6.354474283581688e-05
ip_protocol,3.333333333329266e-05,3.771236166326791e-05,3.453758954034362e-05,3.8010362908495786e-05,3.4284286777356655e-05,3.8072242252590306e-05,0.00018814169757563892,7.602072581693923e-05,0.00033642201171405855,2.510999639318076e-05
ip_df,1.333333333330966e-05,3.399346342393509e-05,1.448409027334415e-05,3.40380572606854e-05,1.4162415688338351e-05,3.4166145054539667e-05,0.00016126431220771695,5.701554436271751e-05,0.0003191868190093687,6.754793957376456e-05
flow_packet_count,-4.666666666663932e-05,3.399346342393509e-05,-4.6199106322456864e-05,3.387255999377314e-05,-4.6546344220410596e-05,3.405341880876706e-05,1.3438692683960992e-05,1.9005181454221723e-05,0.00025417855657083877,2.5624260828308456e-05
syn_seen,-2.0000000000020002e-05,1.6329931618570854e-05,-1.9844419749189452e-05,1.6202900875692724e-05,-1.997774487842256e-05,1.6311869584674782e-05,0.0,0.0,0.00020499980043575672,2.7151620940805313e-05
syn_count,6.666666666673334e-06,9.428090415830063e-06,6.719346341999e-06,9.50259072713703e-06,6.729334793398323e-06,9.516716530573058e-06,1.3438692683960992e-05,1.9005181454221723e-05,0.00018915615993016685,5.761654295447751e-05
l4_checksum_valid,9.999999999998899e-05,8.640987597877223e-05,9.880393971006818e-05,8.607666219066048e-05,9.958560124978533e-05,8.652210135092064e-05,-5.375477073591798e-05,5.028298374956713e-05,9.100719381175774e-05,5.845525239991253e-05
ack_after_syn_ack,6.666666666673334e-06,2.4944382578517887e-05,6.928425859846025e-06,2.500184157912222e-05,6.869957812183358e-06,2.508547076077651e-05,4.031607805191998e-05,3.291793988582311e-05,6.985976063881665e-05,4.858535339560473e-05
ip_dscp,-6.666666666673334e-06,9.428090415830063e-06,-6.196647547381436e-06,9.429539222911686e-06,-6.378711295422039e-06,9.467866300907679e-06,5.3754770735880975e-05,1.900518145427406e-05,3.72892253378924e-05,3.1578113562983746e-05
eth_type,0.0,0.0,0.0,0.0,0.0,0.0,0.0,0.0,0.0,0.0
ip_version,0.0,0.0,0.0,0.0,0.0,0.0,0.0,0.0,0.0,0.0
ip_ecn,0.0,0.0,0.0,0.0,0.0,0.0,0.0,0.0,0.0,0.0
vlan_id,0.0,0.0,0.0,0.0,0.0,0.0,0.0,0.0,0.0,0.0
vlan_priority,0.0,0.0,0.0,0.0,0.0,0.0,0.0,0.0,0.0,0.0
ip_header_length,0.0,0.0,0.0,0.0,0.0,0.0,0.0,0.0,0.0,0.0
ip_mf,0.0,0.0,0.0,0.0,0.0,0.0,0.0,0.0,0.0,0.0
fragment_offset,0.0,0.0,0.0,0.0,0.0,0.0,0.0,0.0,0.0,0.0
ip_checksum_valid,0.0,0.0,0.0,0.0,0.0,0.0,0.0,0.0,0.0,0.0
syn_ack_seen,0.0,0.0,0.0,0.0,0.0,0.0,0.0,0.0,-1.1410568024043203e-05,3.091587774511878e-05
