feature,baseline_accuracy,ablation_accuracy,accuracy_drop,baseline_balanced_accuracy,ablation_balanced_accuracy,balanced_accuracy_drop,baseline_precision,ablation_precision,precision_drop,baseline_recall,ablation_recall,recall_drop,baseline_f1,ablation_f1,f1_drop,baseline_auc,ablation_auc,auc_drop
dst_port,0.994441203239131,0.9803551842430749,0.014086018996056104,0.9944676956471631,0.9804709330773437,0.01399676256981941,0.9903189437492429,0.9633833461765106,0.02693559757273234,0.9985719117591793,0.9984027960464504,0.00016911571272881787,0.9944283047731324,0.9805805085332263,0.013847796239906063,0.9980127801001223,0.9953892303312193,0.0026235497689029996
src_port,0.994441203239131,0.9889710858556393,0.005470117383491679,0.9944676956471631,0.9889858412268286,0.005481854420334442,0.9903189437492429,0.9865907369484108,0.003728206800832079,0.9985719117591793,0.9912717501597204,0.007300161599458899,0.9944283047731324,0.9889257042699072,0.005502600503225152,0.9980127801001223,0.9953214023859553,0.0026913777141669426
ttl_mean,0.994441203239131,0.9927002870411425,0.0017409161979884402,0.9944676956471631,0.992732823006284,0.001734872640879126,0.9903189437492429,0.9876587988021501,0.0026601449470927685,0.9985719117591793,0.9977733097824044,0.0007986019767748376,0.9944283047731324,0.9926902907993008,0.0017380139738315536,0.9980127801001223,0.99809136836289,-7.858826276774256e-05
ip_id_mean,0.994441203239131,0.9927282910550512,0.0017129121840797623,0.9944676956471631,0.9927730001244415,0.001694695522721612,0.9903189437492429,0.9858612063374409,0.0044577374118019986,0.9985719117591793,0.9996993498440377,-0.0011274380848584897,0.9944283047731324,0.9927320563895394,0.0016962483835929465,0.9980127801001223,0.9965921235266754,0.0014206565734469212
tcp_window_mean,0.994441203239131,0.9930503372150008,0.0013908660241301884,0.9944676956471631,0.9930550188499229,0.0014126767972402199,0.9903189437492429,0.9922420990422228,-0.0019231552929799278,0.9985719117591793,0.9937802998985306,0.004791611860648692,0.9944283047731324,0.9930106037918296,0.001417700981302783,0.9980127801001223,0.99646837296956,0.001544407130562253
tcp_header_length_mean,0.994441203239131,0.9941985017852559,0.00024270145387506048,0.9944676956471631,0.9942186570832987,0.00024903856386437884,0.9903189437492429,0.9910375024506829,-0.0007185587014399974,0.9985719117591793,0.9973411251832087,0.0012307865759705328,0.9944283047731324,0.9941793218418256,0.00024898293130681814,0.9980127801001223,0.9978998414036547,0.00011293869646755716
fin_count,0.994441203239131,0.9942965158339362,0.00014468740519479883,0.9944676956471631,0.9943216464280584,0.0001460492191046603,0.9903189437492429,0.9903801338578273,-6.119010858440799e-05,0.9985719117591793,0.998214889698974,0.00035702206020526983,0.9944283047731324,0.9942820779172165,0.00014622685591592077,0.9980127801001223,0.9978471274069705,0.00016565269315182984
ack_count,0.994441203239131,0.994389862546965,5.13406921659465e-05,0.9944676956471631,0.9944162624300701,5.143321709299986e-05,0.9903189437492429,0.990281401416325,3.7542332917861465e-05,0.9985719117591793,0.9985061445375625,6.576722161677484e-05,0.9944283047731324,0.9943767660322985,5.1538740833856345e-05,0.9980127801001223,0.997698929278823,0.00031385082129931074
flow_direction,0.994441203239131,0.9944318685678281,9.334671302929642e-06,0.9944676956471631,0.994458360586905,9.335060258131023e-06,0.9903189437492429,0.9903096260820141,9.317667228780913e-06,0.9985719117591793,0.9985625164418054,9.395317373872558e-06,0.9944283047731324,0.9944189484419369,9.356331195475853e-06,0.9980127801001223,0.9977976821518592,0.0002150979482631321
syn_seen,0.994441203239131,0.9944318685678281,9.334671302929642e-06,0.9944676956471631,0.994458360586905,9.335060258131023e-06,0.9903189437492429,0.9903096260820141,9.317667228780913e-06,0.9985719117591793,0.9985625164418054,9.395317373872558e-06,0.9944283047731324,0.9944189484419369,9.356331195475853e-06,0.9980127801001223,0.998072015676954,-5.9235576831739856e-05
syn_ack_seen,0.994441203239131,0.9944365359034795,4.667335651520332e-06,0.9944676956471631,0.9944629979884761,4.697658686936279e-06,0.9903189437492429,0.9903188535435419,9.020570101991865e-08,0.9985719117591793,0.9985625164418054,9.395317373872558e-06,0.9944283047731324,0.9944236005202145,4.704252917875351e-06,0.9980127801001223,0.9980979922886375,-8.521218851520462e-05
syn_count,0.994441203239131,0.9944365359034795,4.667335651520332e-06,0.9944676956471631,0.9944629979884761,4.697658686936279e-06,0.9903189437492429,0.9903188535435419,9.020570101991865e-08,0.9985719117591793,0.9985625164418054,9.395317373872558e-06,0.9944283047731324,0.9944236005202145,4.704252917875351e-06,0.9980127801001223,0.9980190352941485,-6.255194026194566e-06
ip_dscp,0.994441203239131,0.9944365359034795,4.667335651520332e-06,0.9944676956471631,0.9944630582455919,4.637401571194744e-06,0.9903189437492429,0.9903097163728523,9.227376390641417e-06,0.9985719117591793,0.9985719117591793,0.0,0.9944283047731324,0.9944236526946107,4.652078521627523e-06,0.9980127801001223,0.9980034076133549,9.372486767356136e-06
ip_df,0.994441203239131,0.994441203239131,0.0,0.9944676956471631,0.9944676956471631,0.0,0.9903189437492429,0.9903189437492429,0.0,0.9985719117591793,0.9985719117591793,0.0,0.9944283047731324,0.9944283047731324,0.0,0.9980127801001223,0.9980103849778031,2.3951223191431836e-06
vlan_id,0.994441203239131,0.994441203239131,0.0,0.9944676956471631,0.9944676956471631,0.0,0.9903189437492429,0.9903189437492429,0.0,0.9985719117591793,0.9985719117591793,0.0,0.9944283047731324,0.9944283047731324,0.0,0.9980127801001223,0.9980127801001223,0.0
vlan_priority,0.994441203239131,0.994441203239131,0.0,0.9944676956471631,0.9944676956471631,0.0,0.9903189437492429,0.9903189437492429,0.0,0.9985719117591793,0.9985719117591793,0.0,0.9944283047731324,0.9944283047731324,0.0,0.9980127801001223,0.9980127801001223,0.0
eth_type,0.994441203239131,0.994441203239131,0.0,0.9944676956471631,0.9944676956471631,0.0,0.9903189437492429,0.9903189437492429,0.0,0.9985719117591793,0.9985719117591793,0.0,0.9944283047731324,0.9944283047731324,0.0,0.9980127801001223,0.9980127801001223,0.0
ip_version,0.994441203239131,0.994441203239131,0.0,0.9944676956471631,0.9944676956471631,0.0,0.9903189437492429,0.9903189437492429,0.0,0.9985719117591793,0.9985719117591793,0.0,0.9944283047731324,0.9944283047731324,0.0,0.9980127801001223,0.9980127801001223,0.0
ack_after_syn_ack,0.994441203239131,0.994441203239131,0.0,0.9944676956471631,0.9944676956471631,0.0,0.9903189437492429,0.9903189437492429,0.0,0.9985719117591793,0.9985719117591793,0.0,0.9944283047731324,0.9944283047731324,0.0,0.9980127801001223,0.9980192489171699,-6.468817047577957e-06
l4_checksum_valid,0.994441203239131,0.994441203239131,0.0,0.9944676956471631,0.9944676956471631,0.0,0.9903189437492429,0.9903189437492429,0.0,0.9985719117591793,0.9985719117591793,0.0,0.9944283047731324,0.9944283047731324,0.0,0.9980127801001223,0.9980866720548687,-7.389195474638566e-05
ip_ecn,0.994441203239131,0.994441203239131,0.0,0.9944676956471631,0.9944676956471631,0.0,0.9903189437492429,0.9903189437492429,0.0,0.9985719117591793,0.9985719117591793,0.0,0.9944283047731324,0.9944283047731324,0.0,0.9980127801001223,0.9980127801001223,0.0
ip_checksum_valid,0.994441203239131,0.994441203239131,0.0,0.9944676956471631,0.9944676956471631,0.0,0.9903189437492429,0.9903189437492429,0.0,0.9985719117591793,0.9985719117591793,0.0,0.9944283047731324,0.9944283047731324,0.0,0.9980127801001223,0.9980127801001223,0.0
ip_header_length,0.994441203239131,0.994441203239131,0.0,0.9944676956471631,0.9944676956471631,0.0,0.9903189437492429,0.9903189437492429,0.0,0.9985719117591793,0.9985719117591793,0.0,0.9944283047731324,0.9944283047731324,0.0,0.9980127801001223,0.9980127801001223,0.0
fragment_offset,0.994441203239131,0.994441203239131,0.0,0.9944676956471631,0.9944676956471631,0.0,0.9903189437492429,0.9903189437492429,0.0,0.9985719117591793,0.9985719117591793,0.0,0.9944283047731324,0.9944283047731324,0.0,0.9980127801001223,0.9980127801001223,0.0
ip_protocol,0.994441203239131,0.994441203239131,0.0,0.9944676956471631,0.9944676956471631,0.0,0.9903189437492429,0.9903189437492429,0.0,0.9985719117591793,0.9985719117591793,0.0,0.9944283047731324,0.9944283047731324,0.0,0.9980127801001223,0.9979627387221929,5.004137792941066e-05
ip_mf,0.994441203239131,0.994441203239131,0.0,0.9944676956471631,0.9944676956471631,0.0,0.9903189437492429,0.9903189437492429,0.0,0.9985719117591793,0.9985719117591793,0.0,0.9944283047731324,0.9944283047731324,0.0,0.9980127801001223,0.9980127801001223,0.0
frame_length_mean,0.994441203239131,0.9944458705747824,-4.66733565140931e-06,0.9944676956471631,0.9944723933058499,-4.697658686825257e-06,0.9903189437492429,0.990319033953263,-9.020402014225937e-08,0.9985719117591793,0.998581307076553,-9.395317373761536e-06,0.9944283047731324,0.9944330089820359,-4.704208903527629e-06,0.9980127801001223,0.9980914421266622,-7.866202653994403e-05
reverse_byte_count,0.994441203239131,0.9944505379104338,-9.33467130281862e-06,0.9944676956471631,0.9944769101931896,-9.21454602653693e-06,0.9903189437492429,0.9903465369599046,-2.7593210661702727e-05,0.9985719117591793,0.9985625164418054,9.395317373872558e-06,0.9944283047731324,0.9944375570162102,-9.252243077795264e-06,0.9980127801001223,0.9981286996721009,-0.00011591957197865099
flow_packet_count,0.994441203239131,0.9944552052460853,-1.4002006954338952e-05,0.9944676956471631,0.9944816078518766,-1.3912204713473209e-05,0.9903189437492429,0.9903466269101752,-2.768316093226808e-05,0.9985719117591793,0.9985719117591793,0.0,0.9944283047731324,0.9944422612698591,-1.3956496726752476e-05,0.9980127801001223,0.9976693359766682,0.00034344412345410635
ip_total_length_mean,0.994441203239131,0.9944552052460853,-1.4002006954338952e-05,0.9944676956471631,0.9944818488803395,-1.415323317643935e-05,0.9903189437492429,0.9903100775193798,8.866229863069286e-06,0.9985719117591793,0.9986094930286745,-3.758126949526819e-05,0.9944283047731324,0.9944424692651709,-1.4164492038504228e-05,0.9980127801001223,0.998090417842834,-7.763774271174473e-05
flow_duration,0.994441203239131,0.9944598725817367,-1.8669342605748263e-05,0.9944676956471631,0.9944863055105634,-1.8609863400298465e-05,0.9903189437492429,0.9903467168587695,-2.777310952661871e-05,0.9985719117591793,0.998581307076553,-9.395317373761536e-06,0.9944283047731324,0.9944469654794931,-1.8660706360695833e-05,0.9980127801001223,0.9977954132078533,0.00021736689226903305
psh_count,0.994441203239131,0.9944645399173881,-2.3336678257157573e-05,0.9944676956471631,0.9944915454832921,-2.3849836129019586e-05,0.9903189437492429,0.9902645798397615,5.436390948143632e-05,0.9985719117591793,0.9986752602502913,-0.00010334849111204303,0.9944283047731324,0.9944521368161066,-2.3832042974181178e-05,0.9980127801001223,0.9980199749217395,-7.19482161726237e-06
forward_packet_count,0.994441203239131,0.9944692072530396,-2.8004013908566883e-05,0.9944676956471631,0.9944955200565899,-2.7824409426835395e-05,0.9903189437492429,0.9903743116188488,-5.5367869605915665e-05,0.9985719117591793,0.9985719117591793,0.0,0.9944283047731324,0.9944562181583416,-2.7913385209243913e-05,0.9980127801001223,0.99800922262109,3.5574790322456806e-06
reverse_packet_count,0.994441203239131,0.9944692072530396,-2.8004013908566883e-05,0.9944676956471631,0.994495761085053,-2.806543788991256e-05,0.9903189437492429,0.9903377591427905,-1.8815393547644277e-05,0.9985719117591793,0.9986094930286745,-3.758126949526819e-05,0.9944283047731324,0.9944564256342364,-2.8120861104041772e-05,0.9980127801001223,0.9980306522822306,-1.787218210835828e-05
rst_count,0.994441203239131,0.9944785419243425,-3.7338685211496525e-05,0.9944676956471631,0.9945013602041339,-3.366455697084714e-05,0.9903189437492429,0.9909142638594789,-0.0005953201102359973,0.9985719117591793,0.9980363786688714,0.0005355330903078492,0.9944283047731324,0.9944625696859626,-3.4264912830206384e-05,0.9980127801001223,0.9963810937397682,0.0016316863603540455
byte_rate,0.994441203239131,0.9944785419243425,-3.7338685211496525e-05,0.9944676956471631,0.9945053974308898,-3.770178372675126e-05,0.9903189437492429,0.990301392835515,1.755091372790396e-05,0.9985719117591793,0.9986658649329174,-9.395317373817047e-05,0.9944283047731324,0.9944660407632466,-3.773599011425155e-05,0.9980127801001223,0.9978034629136845,0.0002093171864377963
forward_byte_count,0.994441203239131,0.9944832092599939,-4.2006020862905835e-05,0.9944676956471631,0.9945096732897665,-4.197764260338577e-05,0.9903189437492429,0.9903654423137846,-4.649856454175261e-05,0.9985719117591793,0.9986094930286745,-3.758126949526819e-05,0.9944283047731324,0.9944703823950448,-4.207762191243969e-05,0.9980127801001223,0.9981872515942666,-0.00017447149414429042
iat_min,0.994441203239131,0.9944832092599939,-4.2006020862905835e-05,0.9944676956471631,0.9945099143182294,-4.221867106635191e-05,0.9903189437492429,0.9903288922016211,-9.948452378227834e-06,0.9985719117591793,0.9986470742981698,-7.516253899053638e-05,0.9944283047731324,0.994470589336003,-4.228456287058702e-05,0.9980127801001223,0.9977657996457135,0.0002469804544087406
flow_byte_count,0.994441203239131,0.9944972112669482,-5.600802781724479e-05,0.9944676956471631,0.9945229829233224,-5.52872761593326e-05,0.9903189437492429,0.9904845338726362,-0.00016559012339334434,0.9985719117591793,0.9985155398549364,5.637190424290228e-05,0.9944283047731324,0.9944838234262053,-5.551865307296122e-05,0.9980127801001223,0.9976221626718831,0.00039061742823920387
iat_std,0.994441203239131,0.9945065459382512,-6.534269912017443e-05,0.9944676956471631,0.9945330410689694,-6.534542180636205e-05,0.9903189437492429,0.9903841674198448,-6.522367060191048e-05,0.9985719117591793,0.9986376789807959,-6.576722161666382e-05,0.9944283047731324,0.9944937990915003,-6.549431836788688e-05,0.9980127801001223,0.9974801605263227,0.0005326195737995754
iat_mean,0.994441203239131,0.9945438846234627,-0.00010268138433167096,0.9944676956471631,0.9945703813100017,-0.0001026856628386641,0.9903189437492429,0.9904214380887602,-0.00010249433951725617,0.9985719117591793,0.9986752602502913,-0.00010334849111204303,0.9944283047731324,0.9945312244162818,-0.00010291964314945723,0.9980127801001223,0.9973067435970591,0.0007060365030632232
iat_max,0.994441203239131,0.9945485519591142,-0.00010734871998319129,0.9944676956471631,0.9945748981973415,-0.00010720255017837577,0.9903189437492429,0.990448946122738,-0.00013000237349514165,0.9985719117591793,0.9986564696155437,-8.455785636440893e-05,0.9944283047731324,0.9945357747691271,-0.00010746999599475782,0.9980127801001223,0.997264092364427,0.0007486877356952526
