error_count,reference_count,error_mean,reference_mean,mean_difference,error_median,reference_median,median_difference,error_missing_rate,reference_missing_rate,missing_rate_difference,group,feature,relative_mean_difference
127,106436,6.0,6.0,0.0,6.0,6.0,0.0,0.0,0.0,0.0,Persistent FN vs All Attack,ip_protocol,0.0
127,106436,62.63318751822688,62.5256466241688,0.10754089405808287,62.0,62.0,0.0,0.0,0.0,0.0,Persistent FN vs All Attack,ttl_mean,0.17199485309523177
127,106436,523.948848060659,2527.374487987173,-2003.425639926514,0.0,281.0,-281.0,0.0,0.0,0.0,Persistent FN vs All Attack,tcp_window_mean,79.26904578047169
127,106436,25.03143773694955,29.11187136987724,-4.08043363292769,20.0,32.0,-12.0,0.0,0.0,0.0,Persistent FN vs All Attack,tcp_header_length_mean,14.016390705648055
127,106436,0.09448818897637795,0.7236649254011801,-0.6291767364248022,0.0,0.0,0.0,0.0,0.0,0.0,Persistent FN vs All Attack,syn_count,86.94310230332137
127,106436,1.0393700787401574,3.755834492089143,-2.7164644133489855,0.0,3.0,-3.0,0.0,0.0,0.0,Persistent FN vs All Attack,ack_count,72.32652075246216
127,106436,0.3858267716535433,0.43323687474162875,-0.047410103088085465,0.0,0.0,0.0,0.0,0.0,0.0,Persistent FN vs All Attack,fin_count,10.943228947526599
127,106436,0.6062992125984252,0.5469202149648615,0.05937899763356369,1.0,1.0,0.0,0.0,0.0,0.0,Persistent FN vs All Attack,rst_count,10.85697621130692
127,106436,0.47244094488188976,0.7381243188394904,-0.2656833739576006,0.0,0.0,0.0,0.0,0.0,0.0,Persistent FN vs All Attack,psh_count,35.994393786580424
127,106436,0.03937007874015748,0.3233586380547935,-0.283988559314636,0.0,0.0,0.0,0.0,0.0,0.0,Persistent FN vs All Attack,syn_seen,87.82463985592179
127,106436,0.047244094488188976,0.3146867601187568,-0.26744266563056784,0.0,0.0,0.0,0.0,0.0,0.0,Persistent FN vs All Attack,syn_ack_seen,84.98694559937637
127,106436,0.047244094488188976,0.31466796948400916,-0.2674238749958202,0.0,0.0,0.0,0.0,0.0,0.0,Persistent FN vs All Attack,ack_after_syn_ack,84.98604908352777
127,106436,0.32915651516651545,2.5286149281611228,-2.1994584129946073,0.0,0.0009889602661132,-0.0009889602661132,0.0,0.0,0.0,Persistent FN vs All Attack,flow_duration,86.98273463860758
127,106436,1.68503937007874,4.516986733811868,-2.8319473637331285,1.0,3.0,-2.0,0.0,0.0,0.0,Persistent FN vs All Attack,flow_packet_count,62.695498805312155
127,106436,493.03937007874015,3973.8241572400316,-3480.784787161291,60.0,198.0,-138.0,0.0,0.0,0.0,Persistent FN vs All Attack,flow_byte_count,87.59282367387956
127,106436,1.4251968503937007,2.5883911458529067,-1.163194295459206,1.0,3.0,-2.0,0.0,0.0,0.0,Persistent FN vs All Attack,forward_packet_count,44.93889176382263
127,106436,0.25984251968503935,1.9285955879589614,-1.668753068273922,0.0,0.0,0.0,0.0,0.0,0.0,Persistent FN vs All Attack,reverse_packet_count,86.52685294380294
127,106436,247.84251968503938,355.25357022060206,-107.41105053556268,60.0,198.0,-138.0,0.0,0.0,0.0,Persistent FN vs All Attack,forward_byte_count,30.235037601131936
127,106436,245.1968503937008,3618.5705870194297,-3373.3737366257287,0.0,0.0,0.0,0.0,0.0,0.0,Persistent FN vs All Attack,reverse_byte_count,93.22393070696829
127,106436,0.000811956822872153,0.32118682236224755,-0.3203748655393754,2.0265579223632812e-06,4.0531158447265625e-06,-2.0265579223632812e-06,0.7480314960629921,0.2622420985380886,0.4857893975249035,Persistent FN vs All Attack,iat_min,99.7472010785186
127,106436,0.4484460481327453,0.6716738119159521,-0.2232277637832068,2.1457672119140625e-06,0.0019428133964538002,-0.0019406676292418861,0.7480314960629921,0.2622420985380886,0.4857893975249035,Persistent FN vs All Attack,iat_mean,33.23454924443887
127,106436,1.1774551570415497,2.0991555819429557,-0.921700424901406,3.337860107421875e-06,0.0068550109863281,-0.006851673126220678,0.7480314960629921,0.2622420985380886,0.4857893975249035,Persistent FN vs All Attack,iat_max,43.908152060281786
127,106436,0.5164773998916834,0.6050134375085511,-0.08853603761686768,0.0,0.00046760986477085,-0.00046760986477085,0.7480314960629921,0.2622420985380886,0.4857893975249035,Persistent FN vs All Attack,iat_std,14.633730778188928
127,106436,211545767.60102654,13113803.787250156,198431963.81377637,110470565.64705883,145725.19223760633,110324840.45482123,0.7480314960629921,0.26373595400052613,0.484295542062466,Persistent FN vs All Attack,byte_rate,1513.1533690225033
127,106436,139.16442111402742,464.1182973565921,-324.95387624256466,60.0,66.0,-6.0,0.0,0.0,0.0,Persistent FN vs All Attack,frame_length_mean,70.01531249540363
127,106436,121.62111402741326,448.3495936714343,-326.72847964402104,40.0,52.0,-12.0,0.0,0.0,0.0,Persistent FN vs All Attack,ip_total_length_mean,72.87359780311492
127,106436,31913.858267716536,41049.76413995265,-9135.905872236111,40224.0,44694.0,-4470.0,0.0,0.0,0.0,Persistent FN vs All Attack,src_port,22.25568420098272
127,106436,15342.818897637795,5887.188864669849,9455.630032967947,80.0,80.0,0.0,0.0,0.0,0.0,Persistent FN vs All Attack,dst_port,160.6136689399078
127,106436,0.0,0.0,0.0,0.0,0.0,0.0,0.0,0.0,0.0,Persistent FN vs All Attack,ip_dscp,
127,106436,0.0,0.0,0.0,0.0,0.0,0.0,0.0,0.0,0.0,Persistent FN vs All Attack,ip_ecn,
127,106436,20.0,20.0,0.0,20.0,20.0,0.0,0.0,0.0,0.0,Persistent FN vs All Attack,ip_header_length,0.0
127,106436,1.0,1.0,0.0,1.0,1.0,0.0,0.0,0.0,0.0,Persistent FN vs All Attack,ip_checksum_valid,0.0
127,106436,0.968503937007874,0.6919463339471608,0.2765576030607132,1.0,1.0,0.0,0.0,0.0,0.0,Persistent FN vs All Attack,l4_checksum_valid,39.96807114839516
127,106436,0.08661417322834646,0.4277781953474388,-0.34116402211909236,0.0,0.0,0.0,0.0,0.0,0.0,Persistent FN vs All Attack,flow_direction,79.75255069791508
23,106436,6.0,6.0,0.0,6.0,6.0,0.0,0.0,0.0,0.0,Baseline FN Repaired vs All Attack,ip_protocol,0.0
23,106436,63.130434782608695,62.5256466241688,0.6047881584398951,63.5,62.0,1.5,0.0,0.0,0.0,Baseline FN Repaired vs All Attack,ttl_mean,0.9672641405456796
23,106436,1999.0496894409937,2527.374487987173,-528.3247985461792,235.0,281.0,-46.0,0.0,0.0,0.0,Baseline FN Repaired vs All Attack,tcp_window_mean,20.90409636788502
23,106436,27.817805383022776,29.11187136987724,-1.2940659868544628,32.0,32.0,0.0,0.0,0.0,0.0,Baseline FN Repaired vs All Attack,tcp_header_length_mean,4.445148751905604
23,106436,0.391304347826087,0.7236649254011801,-0.33236057757509313,0.0,0.0,0.0,0.0,0.0,0.0,Baseline FN Repaired vs All Attack,syn_count,45.927412799624285
23,106436,2.0,3.755834492089143,-1.7558344920891429,1.0,3.0,-2.0,0.0,0.0,0.0,Baseline FN Repaired vs All Attack,ack_count,46.74951720549536
23,106436,0.5652173913043478,0.43323687474162875,0.13198051656271903,1.0,0.0,1.0,0.0,0.0,0.0,Baseline FN Repaired vs All Attack,fin_count,30.46382343179555
23,106436,0.391304347826087,0.5469202149648615,-0.15561586713877457,0.0,1.0,-1.0,0.0,0.0,0.0,Baseline FN Repaired vs All Attack,rst_count,28.453120378586217
23,106436,0.8260869565217391,0.7381243188394904,0.08796263768224877,1.0,0.0,1.0,0.0,0.0,0.0,Baseline FN Repaired vs All Attack,psh_count,11.917049125348866
23,106436,0.17391304347826086,0.3233586380547935,-0.14944559457653261,0.0,0.0,0.0,0.0,0.0,0.0,Baseline FN Repaired vs All Attack,syn_seen,46.21666997224577
23,106436,0.13043478260869565,0.3146867601187568,-0.18425197751006114,0.0,0.0,0.0,0.0,0.0,0.0,Baseline FN Repaired vs All Attack,syn_ack_seen,58.55091502436517
23,106436,0.13043478260869565,0.31466796948400916,-0.1842331868753135,0.0,0.0,0.0,0.0,0.0,0.0,Baseline FN Repaired vs All Attack,ack_after_syn_ack,58.548439861044045
23,106436,2.1810523116070293,2.5286149281611228,-0.3475626165540935,0.0,0.0009889602661132,-0.0009889602661132,0.0,0.0,0.0,Baseline FN Repaired vs All Attack,flow_duration,13.74517775258293
23,106436,2.652173913043478,4.516986733811868,-1.8648128207683903,1.0,3.0,-2.0,0.0,0.0,0.0,Baseline FN Repaired vs All Attack,flow_packet_count,41.28444316228225
23,106436,1886.304347826087,3973.8241572400316,-2087.5198094139446,77.0,198.0,-121.0,0.0,0.0,0.0,Baseline FN Repaired vs All Attack,flow_byte_count,52.531761014402925
23,106436,1.565217391304348,2.5883911458529067,-1.0231737545485589,1.0,3.0,-2.0,0.0,0.0,0.0,Baseline FN Repaired vs All Attack,forward_packet_count,39.52933296761879
23,106436,1.0869565217391304,1.9285955879589614,-0.841639066219831,0.0,0.0,0.0,0.0,0.0,0.0,Baseline FN Repaired vs All Attack,reverse_packet_count,43.63999749219276
23,106436,301.1304347826087,355.25357022060206,-54.12313543799337,77.0,198.0,-121.0,0.0,0.0,0.0,Baseline FN Repaired vs All Attack,forward_byte_count,15.235071502415723
23,106436,1585.1739130434783,3618.5705870194297,-2033.3966739759514,0.0,0.0,0.0,0.0,0.0,0.0,Baseline FN Repaired vs All Attack,reverse_byte_count,56.19336765932302
23,106436,3.2065165519714354,0.32118682236224755,2.8853297296091878,4.696846008300781e-05,4.0531158447265625e-06,4.291534423828125e-05,0.782608695652174,0.2622420985380886,0.5203665971140854,Baseline FN Repaired vs All Attack,iat_min,898.3337823103451
23,106436,4.839940465080154,0.6716738119159521,4.168266653164202,0.0202171802520751,0.0019428133964538002,0.018274366855621303,0.782608695652174,0.2622420985380886,0.5203665971140854,Baseline FN Repaired vs All Attack,iat_mean,620.5790041559318
23,106436,6.649138784408569,2.0991555819429557,4.549983202465613,0.2105801105499267,0.0068550109863281,0.2037250995635986,0.782608695652174,0.2622420985380886,0.5203665971140854,Baseline FN Repaired vs All Attack,iat_max,216.75302400664359
23,106436,1.6694188637326057,0.6050134375085511,1.0644054262240545,0.0602784397562867,0.00046760986477085,0.05981082989151585,0.782608695652174,0.2622420985380886,0.5203665971140854,Baseline FN Repaired vs All Attack,iat_std,175.93087363601086
23,106436,6790930.764421903,13113803.787250156,-6322873.022828253,57642.24396446272,145725.19223760633,-88082.94827314361,0.782608695652174,0.26373595400052613,0.5188727416516479,Baseline FN Repaired vs All Attack,byte_rate,48.21540054591667
23,106436,238.89803312629397,464.1182973565921,-225.22026423029814,77.0,66.0,11.0,0.0,0.0,0.0,Baseline FN Repaired vs All Attack,frame_length_mean,48.526478165814815
23,106436,222.55020703933747,448.3495936714343,-225.79938663209686,63.0,52.0,11.0,0.0,0.0,0.0,Baseline FN Repaired vs All Attack,ip_total_length_mean,50.362348894548184
23,106436,25219.130434782608,41049.76413995265,-15830.63370517004,32816.0,44694.0,-11878.0,0.0,0.0,0.0,Baseline FN Repaired vs All Attack,src_port,38.56449369891142
23,106436,21271.565217391304,5887.188864669849,15384.376352721454,80.0,80.0,0.0,0.0,0.0,0.0,Baseline FN Repaired vs All Attack,dst_port,261.319565353951
23,106436,0.0,0.0,0.0,0.0,0.0,0.0,0.0,0.0,0.0,Baseline FN Repaired vs All Attack,ip_dscp,
23,106436,0.0,0.0,0.0,0.0,0.0,0.0,0.0,0.0,0.0,Baseline FN Repaired vs All Attack,ip_ecn,
23,106436,20.0,20.0,0.0,20.0,20.0,0.0,0.0,0.0,0.0,Baseline FN Repaired vs All Attack,ip_header_length,0.0
23,106436,1.0,1.0,0.0,1.0,1.0,0.0,0.0,0.0,0.0,Baseline FN Repaired vs All Attack,ip_checksum_valid,0.0
23,106436,0.8260869565217391,0.6919463339471608,0.13414062257457837,1.0,1.0,0.0,0.0,0.0,0.0,Baseline FN Repaired vs All Attack,l4_checksum_valid,19.38598645495848
23,106436,0.13043478260869565,0.4277781953474388,-0.2973434127387432,0.0,0.0,0.0,0.0,0.0,0.0,Baseline FN Repaired vs All Attack,flow_direction,69.50878188105
25,106436,6.0,6.0,0.0,6.0,6.0,0.0,0.0,0.0,0.0,Current-only FN vs All Attack,ip_protocol,0.0
25,106436,62.73866666666667,62.5256466241688,0.21302004249786677,62.0,62.0,0.0,0.0,0.0,0.0,Current-only FN vs All Attack,ttl_mean,0.3406922662924137
25,106436,536.5026666666666,2527.374487987173,-1990.8718213205061,235.0,281.0,-46.0,0.0,0.0,0.0,Current-only FN vs All Attack,tcp_window_mean,78.77233195093525
25,106436,27.066666666666666,29.11187136987724,-2.0452047032105725,32.0,32.0,0.0,0.0,0.0,0.0,Current-only FN vs All Attack,tcp_header_length_mean,7.0253288674763645
25,106436,0.16,0.7236649254011801,-0.5636649254011801,0.0,0.0,0.0,0.0,0.0,0.0,Current-only FN vs All Attack,syn_count,77.89031990029082
25,106436,1.68,3.755834492089143,-2.075834492089143,1.0,3.0,-2.0,0.0,0.0,0.0,Current-only FN vs All Attack,ack_count,55.2695944526161
25,106436,0.48,0.43323687474162875,0.04676312525837123,0.0,0.0,0.0,0.0,0.0,0.0,Current-only FN vs All Attack,fin_count,10.793893129770993
25,106436,0.44,0.5469202149648615,-0.10692021496486154,0.0,1.0,-1.0,0.0,0.0,0.0,Current-only FN vs All Attack,rst_count,19.549508692365837
25,106436,0.6,0.7381243188394904,-0.1381243188394904,0.0,0.0,0.0,0.0,0.0,0.0,Current-only FN vs All Attack,psh_count,18.71288010895714
25,106436,0.08,0.3233586380547935,-0.24335863805479346,0.0,0.0,0.0,0.0,0.0,0.0,Current-only FN vs All Attack,syn_seen,75.25966818723305
25,106436,0.08,0.3146867601187568,-0.23468676011875678,0.0,0.0,0.0,0.0,0.0,0.0,Current-only FN vs All Attack,syn_ack_seen,74.5778945482773
25,106436,0.08,0.31466796948400916,-0.23466796948400914,0.0,0.0,0.0,0.0,0.0,0.0,Current-only FN vs All Attack,ack_after_syn_ack,74.57637644810701
25,106436,0.15079235076904296,2.5286149281611228,-2.37782257739208,0.0,0.0009889602661132,-0.0009889602661132,0.0,0.0,0.0,Current-only FN vs All Attack,flow_duration,94.03656329440786
25,106436,2.2,4.516986733811868,-2.316986733811868,1.0,3.0,-2.0,0.0,0.0,0.0,Current-only FN vs All Attack,flow_packet_count,51.29496432805707
25,106436,1191.0,3973.8241572400316,-2782.8241572400316,66.0,198.0,-132.0,0.0,0.0,0.0,Current-only FN vs All Attack,flow_byte_count,70.02887010412677
25,106436,1.56,2.5883911458529067,-1.0283911458529067,1.0,3.0,-2.0,0.0,0.0,0.0,Current-only FN vs All Attack,forward_packet_count,39.73090185772673
25,106436,0.64,1.9285955879589614,-1.2885955879589615,0.0,0.0,0.0,0.0,0.0,0.0,Current-only FN vs All Attack,reverse_packet_count,66.8152305234031
25,106436,220.76,355.25357022060206,-134.49357022060207,66.0,198.0,-132.0,0.0,0.0,0.0,Current-only FN vs All Attack,forward_byte_count,37.858471101947124
25,106436,970.24,3618.5705870194297,-2648.33058701943,0.0,0.0,0.0,0.0,0.0,0.0,Current-only FN vs All Attack,reverse_byte_count,73.18720260755852
25,106436,0.00014335768563406384,0.32118682236224755,-0.3210434646766135,3.814697265625e-06,4.0531158447265625e-06,-2.384185791015625e-07,0.72,0.2622420985380886,0.45775790146191137,Current-only FN vs All Attack,iat_min,99.95536626173525
25,106436,0.040640137633498816,0.6716738119159521,-0.6310336742824533,4.0531158447265625e-06,0.0019428133964538002,-0.0019387602806090736,0.72,0.2622420985380886,0.45775790146191137,Current-only FN vs All Attack,iat_mean,93.94942352783225
25,106436,0.27240426199776785,2.0991555819429557,-1.826751319945188,4.0531158447265625e-06,0.0068550109863281,-0.006850957870483373,0.72,0.2622420985380886,0.45775790146191137,Current-only FN vs All Attack,iat_max,87.02315043529869
25,106436,0.07707029889073516,0.6050134375085511,-0.5279431386178159,9.5367431640625e-07,0.00046760986477085,-0.00046665619045444375,0.72,0.2622420985380886,0.45775790146191137,Current-only FN vs All Attack,iat_std,87.2613905555369
25,106436,111196704.95443353,13113803.787250156,98082901.16718337,32567536.94117647,145725.19223760633,32421811.748938862,0.72,0.26373595400052613,0.45626404599947384,Current-only FN vs All Attack,byte_rate,747.936317779469
25,106436,159.81866666666667,464.1182973565921,-304.29963068992544,66.0,66.0,0.0,0.0,0.0,0.0,Current-only FN vs All Attack,frame_length_mean,65.5651010578722
25,106436,143.29866666666666,448.3495936714343,-305.0509270047677,52.0,52.0,0.0,0.0,0.0,0.0,Current-only FN vs All Attack,ip_total_length_mean,68.03863130705082
25,106436,30047.84,41049.76413995265,-11001.924139952647,34630.0,44694.0,-10064.0,0.0,0.0,0.0,Current-only FN vs All Attack,src_port,26.801430825383882
25,106436,14606.56,5887.188864669849,8719.371135330151,80.0,80.0,0.0,0.0,0.0,0.0,Current-only FN vs All Attack,dst_port,148.10754904869407
25,106436,0.0,0.0,0.0,0.0,0.0,0.0,0.0,0.0,0.0,Current-only FN vs All Attack,ip_dscp,
25,106436,0.0,0.0,0.0,0.0,0.0,0.0,0.0,0.0,0.0,Current-only FN vs All Attack,ip_ecn,
25,106436,20.0,20.0,0.0,20.0,20.0,0.0,0.0,0.0,0.0,Current-only FN vs All Attack,ip_header_length,0.0
25,106436,1.0,1.0,0.0,1.0,1.0,0.0,0.0,0.0,0.0,Current-only FN vs All Attack,ip_checksum_valid,0.0
25,106436,0.92,0.6919463339471608,0.22805366605283928,1.0,1.0,0.0,0.0,0.0,0.0,Current-only FN vs All Attack,l4_checksum_valid,32.95828807299587
25,106436,0.2,0.4277781953474388,-0.22777819534743882,0.0,0.0,0.0,0.0,0.0,0.0,Current-only FN vs All Attack,flow_direction,53.24679888427665
979,107819,6.0,10.138760329812,-4.1387603298119995,6.0,6.0,0.0,0.0,0.0,0.0,Persistent FP vs All Benign,ip_protocol,40.821167432495606
979,107819,62.76895347489971,107.83125862869676,-45.06230515379705,63.0,96.0,-33.0,0.0,0.0,0.0,Persistent FP vs All Benign,ttl_mean,41.789649612607576
979,107819,3309.3087679487694,6056.93028036041,-2747.62151241164,310.0,392.0,-82.0,0.0,0.3762509390738182,-0.3762509390738182,Persistent FP vs All Benign,tcp_window_mean,45.363267946484385
979,107819,29.83989722029359,25.38209009296833,4.45780712732526,32.0,21.846153846153847,10.153846153846153,0.0,0.3762509390738182,-0.3762509390738182,Persistent FP vs All Benign,tcp_header_length_mean,17.56280554909944
979,107819,1.0102145045965272,0.41213515243138965,0.5980793521651375,0.0,0.0,0.0,0.0,0.0,0.0,Persistent FP vs All Benign,syn_count,145.11728704449763
979,107819,4.379979570990807,29.54288205232844,-25.162902481337632,3.0,1.0,2.0,0.0,0.0,0.0,Persistent FP vs All Benign,ack_count,85.17416288893995
979,107819,0.6077630234933605,0.38381917843793767,0.22394384505542286,1.0,0.0,1.0,0.0,0.0,0.0,Persistent FP vs All Benign,fin_count,58.34618425447802
979,107819,0.3626149131767109,0.10022352275572952,0.26239139042098136,0.0,0.0,0.0,0.0,0.0,0.0,Persistent FP vs All Benign,rst_count,261.8061940014787
979,107819,1.0561797752808988,2.2160936384125245,-1.1599138631316257,1.0,0.0,1.0,0.0,0.0,0.0,Persistent FP vs All Benign,psh_count,52.34047167621121
979,107819,0.4473953013278856,0.19552212504289596,0.2518731762849896,0.0,0.0,0.0,0.0,0.0,0.0,Persistent FP vs All Benign,syn_seen,128.82080543556424
979,107819,0.4463738508682329,0.19375063764271602,0.25262321322551684,0.0,0.0,0.0,0.0,0.0,0.0,Persistent FP vs All Benign,syn_ack_seen,130.3857454608042
979,107819,0.4463738508682329,0.19344456913902003,0.25292928172921286,0.0,0.0,0.0,0.0,0.0,0.0,Persistent FP vs All Benign,ack_after_syn_ack,130.75026239038212
979,107819,1.000037157499023,10.174669446486481,-9.174632288987459,0.0009970664978027,0.0002369880676269,0.0007600784301757999,0.0,0.0,0.0,Persistent FP vs All Benign,flow_duration,90.1713056845856
979,107819,5.216547497446374,31.236785724223004,-26.02023822677663,3.0,2.0,1.0,0.0,0.0,0.0,Persistent FP vs All Benign,flow_packet_count,83.29998629340045
979,107819,5573.3718079673135,34842.23353026832,-29268.861722301008,264.0,280.0,-16.0,0.0,0.0,0.0,Persistent FP vs All Benign,flow_byte_count,84.0039766591726
979,107819,2.6506639427987744,14.502842727163117,-11.852178784364343,3.0,2.0,1.0,0.0,0.0,0.0,Persistent FP vs All Benign,forward_packet_count,81.72314219587992
979,107819,2.5658835546475998,16.733942997059888,-14.168059442412288,0.0,1.0,-1.0,0.0,0.0,0.0,Persistent FP vs All Benign,reverse_packet_count,84.66659319265986
979,107819,657.214504596527,1354.7618137805025,-697.5473091839755,264.0,144.0,120.0,0.0,0.0,0.0,Persistent FP vs All Benign,forward_byte_count,51.48855703553152
979,107819,4916.157303370786,33487.47171648782,-28571.31441311703,0.0,150.0,-150.0,0.0,0.0,0.0,Persistent FP vs All Benign,reverse_byte_count,85.31941334660306
979,107819,0.025786634481463303,0.030947540353568895,-0.005160905872105593,4.0531158447265625e-06,3.814697265625e-06,2.384185791015625e-07,0.355464759959142,0.28978194937812446,0.06568281058101755,Persistent FP vs All Benign,iat_min,16.676303877928163
979,107819,0.19675245089514606,0.7604491267243678,-0.5636966758292218,0.0180635154247283,0.0155593554178873,0.002504160006841,0.355464759959142,0.28978194937812446,0.06568281058101755,Persistent FP vs All Benign,iat_mean,74.12680954179584
979,107819,1.0507120980324722,4.032182873490197,-2.981470775457725,0.132051944732666,0.0310280323028564,0.10102391242980958,0.355464759959142,0.28978194937812446,0.06568281058101755,Persistent FP vs All Benign,iat_max,73.94185405279023
979,107819,0.3447764940290705,1.336704720014138,-0.9919282259850675,0.0432250799694643,0.0001185179372224,0.0431065620322419,0.355464759959142,0.28978194937812446,0.06568281058101755,Persistent FP vs All Benign,iat_std,74.20698162677066
979,107819,14971740.375248566,7185956.655768101,7785783.719480465,85112.17815600452,13035.383711895704,72076.79444410882,0.355464759959142,0.29028278874780883,0.06518197121133318,Persistent FP vs All Benign,byte_rate,108.34721238167904
979,107819,629.4850952804496,150.19221985037836,479.29287543007126,77.0,94.0,-17.0,0.0,0.0,0.0,Persistent FP vs All Benign,frame_length_mean,319.11964275349504
979,107819,613.971966637777,134.42509950426884,479.54686713350816,63.0,79.66666666666667,-16.66666666666667,0.0,0.0,0.0,Persistent FP vs All Benign,ip_total_length_mean,356.7390828810802
979,107819,38425.42594484168,37826.21443344865,599.2115113930267,42754.0,50207.0,-7453.0,0.0,0.0,0.0,Persistent FP vs All Benign,src_port,1.5841170478406663
979,107819,7123.656792645556,11349.857622496962,-4226.200829851406,80.0,80.0,0.0,0.0,0.0,0.0,Persistent FP vs All Benign,dst_port,37.23571669722535
979,107819,0.0,0.5371780483959228,-0.5371780483959228,0.0,0.0,0.0,0.0,0.0,0.0,Persistent FP vs All Benign,ip_dscp,100.0
979,107819,0.0,0.0008718314953765106,-0.0008718314953765106,0.0,0.0,0.0,0.0,0.0,0.0,Persistent FP vs All Benign,ip_ecn,100.0
979,107819,20.0,20.0,0.0,20.0,20.0,0.0,0.0,0.0,0.0,Persistent FP vs All Benign,ip_header_length,0.0
979,107819,1.0,1.0,0.0,1.0,1.0,0.0,0.0,0.0,0.0,Persistent FP vs All Benign,ip_checksum_valid,0.0
979,107819,0.5536261491317671,0.919819326834788,-0.36619317770302084,1.0,1.0,0.0,0.0,0.0,0.0,Persistent FP vs All Benign,l4_checksum_valid,39.81142459390768
979,107819,0.4974463738508682,0.6004414806295736,-0.10299510677870538,0.0,1.0,-1.0,0.0,0.0,0.0,Persistent FP vs All Benign,flow_direction,17.153229765324205
37,107819,6.0,10.138760329812,-4.1387603298119995,6.0,6.0,0.0,0.0,0.0,0.0,Baseline FP Repaired vs All Benign,ip_protocol,40.821167432495606
37,107819,62.37837837837838,107.83125862869676,-45.45288025031838,62.0,96.0,-34.0,0.0,0.0,0.0,Baseline FP Repaired vs All Benign,ttl_mean,42.15185914395157
37,107819,56.83783783783784,6056.93028036041,-6000.092442522572,0.0,392.0,-392.0,0.0,0.3762509390738182,-0.3762509390738182,Baseline FP Repaired vs All Benign,tcp_window_mean,99.06160653653001
37,107819,22.91891891891892,25.38209009296833,-2.4631711740494104,20.0,21.846153846153847,-1.8461538461538467,0.0,0.3762509390738182,-0.3762509390738182,Baseline FP Repaired vs All Benign,tcp_header_length_mean,9.704366996679244
37,107819,0.0,0.41213515243138965,-0.41213515243138965,0.0,0.0,0.0,0.0,0.0,0.0,Baseline FP Repaired vs All Benign,syn_count,100.0
37,107819,0.35135135135135137,29.54288205232844,-29.19153070097709,0.0,1.0,-1.0,0.0,0.0,0.0,Baseline FP Repaired vs All Benign,ack_count,98.81070726028351
37,107819,0.1891891891891892,0.38381917843793767,-0.19462998924874847,0.0,0.0,0.0,0.0,0.0,0.0,Baseline FP Repaired vs All Benign,fin_count,50.708771260688714
37,107819,0.7567567567567568,0.10022352275572952,0.6565332340010273,1.0,0.0,1.0,0.0,0.0,0.0,Baseline FP Repaired vs All Benign,rst_count,655.0690057075398
37,107819,0.1891891891891892,2.2160936384125245,-2.0269044492233355,0.0,0.0,0.0,0.0,0.0,0.0,Baseline FP Repaired vs All Benign,psh_count,91.46294245378942
37,107819,0.0,0.19552212504289596,-0.19552212504289596,0.0,0.0,0.0,0.0,0.0,0.0,Baseline FP Repaired vs All Benign,syn_seen,100.0
37,107819,0.0,0.19375063764271602,-0.19375063764271602,0.0,0.0,0.0,0.0,0.0,0.0,Baseline FP Repaired vs All Benign,syn_ack_seen,100.0
37,107819,0.0,0.19344456913902003,-0.19344456913902003,0.0,0.0,0.0,0.0,0.0,0.0,Baseline FP Repaired vs All Benign,ack_after_syn_ack,100.0
37,107819,0.00013951353124670013,10.174669446486481,-10.174529932955235,0.0,0.0002369880676269,-0.0002369880676269,0.0,0.0,0.0,Baseline FP Repaired vs All Benign,flow_duration,99.99862881509831
37,107819,1.1081081081081081,31.236785724223004,-30.128677616114896,1.0,2.0,-1.0,0.0,0.0,0.0,Baseline FP Repaired vs All Benign,flow_packet_count,96.45255399229886
37,107819,177.27027027027026,34842.23353026832,-34664.96325999805,60.0,280.0,-220.0,0.0,0.0,0.0,Baseline FP Repaired vs All Benign,flow_byte_count,99.49122013054567
37,107819,1.1081081081081081,14.502842727163117,-13.394734619055008,1.0,2.0,-1.0,0.0,0.0,0.0,Baseline FP Repaired vs All Benign,forward_packet_count,92.35937306254672
37,107819,0.0,16.733942997059888,-16.733942997059888,0.0,1.0,-1.0,0.0,0.0,0.0,Baseline FP Repaired vs All Benign,reverse_packet_count,100.0
37,107819,177.27027027027026,1354.7618137805025,-1177.4915435102323,60.0,144.0,-84.0,0.0,0.0,0.0,Baseline FP Repaired vs All Benign,forward_byte_count,86.91502310833576
37,107819,0.0,33487.47171648782,-33487.47171648782,0.0,150.0,-150.0,0.0,0.0,0.0,Baseline FP Repaired vs All Benign,reverse_byte_count,100.0
37,107819,8.463859558105469e-06,0.030947540353568895,-0.03093907649401079,8.463859558105469e-06,3.814697265625e-06,4.649162292480469e-06,0.9459459459459459,0.28978194937812446,0.6561639965678214,Baseline FP Repaired vs All Benign,iat_min,99.97265094588647
37,107819,0.0008656581242879024,0.7604491267243678,-0.75958346860008,0.0008656581242879024,0.0155593554178873,-0.014693697293599397,0.9459459459459459,0.28978194937812446,0.6561639965678214,Baseline FP Repaired vs All Benign,iat_mean,99.88616488679305
37,107819,0.0025495290756225525,4.032182873490197,-4.029633344414575,0.0025495290756225525,0.0310280323028564,-0.02847850322723385,0.9459459459459459,0.28978194937812446,0.6561639965678214,Baseline FP Repaired vs All Benign,iat_max,99.9367704998604
37,107819,0.00119074174815675,1.336704720014138,-1.3355139782659813,0.00119074174815675,0.0001185179372224,0.00107222381093435,0.9459459459459459,0.28978194937812446,0.6561639965678214,Baseline FP Repaired vs All Benign,iat_std,99.91091961221292
37,107819,66419465.276080675,7185956.655768101,59233508.62031257,66419465.276080675,13035.383711895704,66406429.89236878,0.9459459459459459,0.29028278874780883,0.6556631571981371,Baseline FP Repaired vs All Benign,byte_rate,824.2953785807541
37,107819,103.14189189189189,150.19221985037836,-47.05032795848648,60.0,94.0,-34.0,0.0,0.0,0.0,Baseline FP Repaired vs All Benign,frame_length_mean,31.326741162330553
37,107819,84.60135135135135,134.42509950426884,-49.82374815291749,40.0,79.66666666666667,-39.66666666666667,0.0,0.0,0.0,Baseline FP Repaired vs All Benign,ip_total_length_mean,37.06431933965968
37,107819,38963.72972972973,37826.21443344865,1137.5152962810753,48506.0,50207.0,-1701.0,0.0,0.0,0.0,Baseline FP Repaired vs All Benign,src_port,3.007214211938699
37,107819,9380.054054054053,11349.857622496962,-1969.8035684429087,80.0,80.0,0.0,0.0,0.0,0.0,Baseline FP Repaired vs All Benign,dst_port,17.35531522913988
37,107819,0.0,0.5371780483959228,-0.5371780483959228,0.0,0.0,0.0,0.0,0.0,0.0,Baseline FP Repaired vs All Benign,ip_dscp,100.0
37,107819,0.0,0.0008718314953765106,-0.0008718314953765106,0.0,0.0,0.0,0.0,0.0,0.0,Baseline FP Repaired vs All Benign,ip_ecn,100.0
37,107819,20.0,20.0,0.0,20.0,20.0,0.0,0.0,0.0,0.0,Baseline FP Repaired vs All Benign,ip_header_length,0.0
37,107819,1.0,1.0,0.0,1.0,1.0,0.0,0.0,0.0,0.0,Baseline FP Repaired vs All Benign,ip_checksum_valid,0.0
37,107819,0.972972972972973,0.919819326834788,0.05315364613818507,1.0,1.0,0.0,0.0,0.0,0.0,Baseline FP Repaired vs All Benign,l4_checksum_valid,5.778705076908238
37,107819,0.0,0.6004414806295736,-0.6004414806295736,0.0,1.0,-1.0,0.0,0.0,0.0,Baseline FP Repaired vs All Benign,flow_direction,100.0
60,107819,6.0,10.138760329812,-4.1387603298119995,6.0,6.0,0.0,0.0,0.0,0.0,Current-only FP vs All Benign,ip_protocol,40.821167432495606
60,107819,63.261111111111106,107.83125862869676,-44.57014751758565,64.0,96.0,-32.0,0.0,0.0,0.0,Current-only FP vs All Benign,ttl_mean,41.33323498620868
60,107819,606.1916666666667,6056.93028036041,-5450.738613693743,0.0,392.0,-392.0,0.0,0.3762509390738182,-0.3762509390738182,Current-only FP vs All Benign,tcp_window_mean,89.99176746953415
60,107819,25.733333333333334,25.38209009296833,0.35124324036500454,20.0,21.846153846153847,-1.8461538461538467,0.0,0.3762509390738182,-0.3762509390738182,Current-only FP vs All Benign,tcp_header_length_mean,1.383823156715965
60,107819,0.03333333333333333,0.41213515243138965,-0.3788018190980563,0.0,0.0,0.0,0.0,0.0,0.0,Current-only FP vs All Benign,syn_count,91.91203828727458
60,107819,0.7833333333333333,29.54288205232844,-28.759548718995106,0.0,1.0,-1.0,0.0,0.0,0.0,Current-only FP vs All Benign,ack_count,97.34848708414488
60,107819,0.4166666666666667,0.38381917843793767,0.032847488228729016,0.0,0.0,0.0,0.0,0.0,0.0,Current-only FP vs All Benign,fin_count,8.55806329491176
60,107819,0.5333333333333333,0.10022352275572952,0.4331098105776038,1.0,0.0,1.0,0.0,0.0,0.0,Current-only FP vs All Benign,rst_count,432.1438706891232
60,107819,0.11666666666666667,2.2160936384125245,-2.099426971745858,0.0,0.0,0.0,0.0,0.0,0.0,Current-only FP vs All Benign,psh_count,94.7354811798368
60,107819,0.016666666666666666,0.19552212504289596,-0.1788554583762293,0.0,0.0,0.0,0.0,0.0,0.0,Current-only FP vs All Benign,syn_seen,91.47581550527332
60,107819,0.0,0.19375063764271602,-0.19375063764271602,0.0,0.0,0.0,0.0,0.0,0.0,Current-only FP vs All Benign,syn_ack_seen,100.0
60,107819,0.0,0.19344456913902003,-0.19344456913902003,0.0,0.0,0.0,0.0,0.0,0.0,Current-only FP vs All Benign,ack_after_syn_ack,100.0
60,107819,0.016923534870147697,10.174669446486481,-10.157745911616333,0.0,0.0002369880676269,-0.0002369880676269,0.0,0.0,0.0,Current-only FP vs All Benign,flow_duration,99.83366992943449
60,107819,1.35,31.236785724223004,-29.886785724223003,1.0,2.0,-1.0,0.0,0.0,0.0,Current-only FP vs All Benign,flow_packet_count,95.67817248573971
60,107819,126.78333333333333,34842.23353026832,-34715.45019693499,60.0,280.0,-220.0,0.0,0.0,0.0,Current-only FP vs All Benign,flow_byte_count,99.63612168197199
60,107819,1.3166666666666667,14.502842727163117,-13.18617606049645,1.0,2.0,-1.0,0.0,0.0,0.0,Current-only FP vs All Benign,forward_packet_count,90.92132010643256
60,107819,0.03333333333333333,16.733942997059888,-16.700609663726553,0.0,1.0,-1.0,0.0,0.0,0.0,Current-only FP vs All Benign,reverse_packet_count,99.80080407027087
60,107819,124.58333333333333,1354.7618137805025,-1230.1784804471692,60.0,144.0,-84.0,0.0,0.0,0.0,Current-only FP vs All Benign,forward_byte_count,90.80404156169122
60,107819,2.2,33487.47171648782,-33485.27171648782,0.0,150.0,-150.0,0.0,0.0,0.0,Current-only FP vs All Benign,reverse_byte_count,99.99343037892314
60,107819,0.050770449638366674,0.030947540353568895,0.01982290928479778,0.0001864433288574,3.814697265625e-06,0.000182628631591775,0.6666666666666666,0.28978194937812446,0.37688471728854217,Current-only FP vs All Benign,iat_min,64.0532625802418
60,107819,0.050770527124404885,0.7604491267243678,-0.7096785995999629,0.0001864433288574,0.0155593554178873,-0.0153729120890299,0.6666666666666666,0.28978194937812446,0.37688471728854217,Current-only FP vs All Benign,iat_mean,93.32361293606861
60,107819,0.050770604610443096,4.032182873490197,-3.981412268879754,0.0001864433288574,0.0310280323028564,-0.030841588973999,0.6666666666666666,0.28978194937812446,0.37688471728854217,Current-only FP vs All Benign,iat_max,98.74086552610902
60,107819,7.748603820800782e-08,1.336704720014138,-1.3367046425280997,0.0,0.0001185179372224,-0.0001185179372224,0.6666666666666666,0.28978194937812446,0.37688471728854217,Current-only FP vs All Benign,iat_std,99.99999420320455
60,107819,141107499.60317183,7185956.655768101,133921542.94740373,608404.5362637363,13035.383711895704,595369.1525518406,0.6833333333333333,0.29028278874780883,0.3930505445855245,Current-only FP vs All Benign,byte_rate,1863.6564254796351
60,107819,83.425,150.19221985037836,-66.76721985037837,60.0,94.0,-34.0,0.0,0.0,0.0,Current-only FP vs All Benign,frame_length_mean,44.454512968043176
60,107819,66.225,134.42509950426884,-68.20009950426885,40.0,79.66666666666667,-39.66666666666667,0.0,0.0,0.0,Current-only FP vs All Benign,ip_total_length_mean,50.734646844805255
60,107819,41206.4,37826.21443344865,3380.1855665513503,48663.0,50207.0,-1544.0,0.0,0.0,0.0,Current-only FP vs All Benign,src_port,8.936092646803028
60,107819,7963.783333333334,11349.857622496962,-3386.0742891636282,80.0,80.0,0.0,0.0,0.0,0.0,Current-only FP vs All Benign,dst_port,29.833627890203385
60,107819,0.36666666666666664,0.5371780483959228,-0.17051138172925612,0.0,0.0,0.0,0.0,0.0,0.0,Current-only FP vs All Benign,ip_dscp,31.7420606144319
60,107819,0.0,0.0008718314953765106,-0.0008718314953765106,0.0,0.0,0.0,0.0,0.0,0.0,Current-only FP vs All Benign,ip_ecn,100.0
60,107819,20.0,20.0,0.0,20.0,20.0,0.0,0.0,0.0,0.0,Current-only FP vs All Benign,ip_header_length,0.0
60,107819,1.0,1.0,0.0,1.0,1.0,0.0,0.0,0.0,0.0,Current-only FP vs All Benign,ip_checksum_valid,0.0
60,107819,1.0,0.919819326834788,0.08018067316521205,1.0,1.0,0.0,0.0,0.0,0.0,Current-only FP vs All Benign,l4_checksum_valid,8.717002440155683
60,107819,0.03333333333333333,0.6004414806295736,-0.5671081472962403,0.0,1.0,-1.0,0.0,0.0,0.0,Current-only FP vs All Benign,flow_direction,94.44852922246764
