error_count,reference_count,error_mean,reference_mean,mean_difference,error_median,reference_median,median_difference,error_missing_rate,reference_missing_rate,missing_rate_difference,feature,relative_mean_difference
135,106436,6.0,6.0,0.0,6.0,6.0,0.0,0.0,0.0,0.0,ip_protocol,0.0
135,106436,62.709245541838136,62.5256466241688,0.183598917669336,62.0,62.0,0.0,0.0,0.0,0.0,ttl_mean,0.29363777518834533
135,106436,681.8010856359004,2527.374487987173,-1845.5734023512723,0.0,281.0,-281.0,0.0,0.0,0.0,tcp_window_mean,73.02334541728742
135,106436,25.536805800509505,29.11187136987724,-3.575065569367734,20.0,32.0,-12.0,0.0,0.0,0.0,tcp_header_length_mean,12.280438876447294
135,106436,0.11851851851851852,0.7236649254011801,-0.6051464068826615,0.0,0.0,0.0,0.0,0.0,0.0,syn_count,83.6224591854006
135,106436,1.1037037037037036,3.755834492089143,-2.6521307883854393,0.0,3.0,-3.0,0.0,0.0,0.0,ack_count,70.61362245784744
135,106436,0.4222222222222222,0.43323687474162875,-0.011014652519406531,0.0,0.0,0.0,0.0,0.0,0.0,fin_count,2.5424088210347713
135,106436,0.562962962962963,0.5469202149648615,0.01604274799810146,1.0,1.0,0.0,0.0,0.0,0.0,rst_count,2.933288541754152
135,106436,0.5333333333333333,0.7381243188394904,-0.20479098550615704,0.0,0.0,0.0,0.0,0.0,0.0,psh_count,27.744782319073014
135,106436,0.05185185185185185,0.3233586380547935,-0.2715067862029416,0.0,0.0,0.0,0.0,0.0,0.0,syn_seen,83.96459975098438
135,106436,0.044444444444444446,0.3146867601187568,-0.27024231567431234,0.0,0.0,0.0,0.0,0.0,0.0,syn_ack_seen,85.87660808237626
135,106436,0.044444444444444446,0.31466796948400916,-0.2702235250395647,0.0,0.0,0.0,0.0,0.0,0.0,ack_after_syn_ack,85.87576469339278
135,106436,0.5239728627381501,2.5286149281611228,-2.0046420654229724,0.0,0.0009889602661132,-0.0009889602661132,0.0,0.0,0.0,flow_duration,79.27826586394482
135,106436,1.7333333333333334,4.516986733811868,-2.783653400478535,1.0,3.0,-2.0,0.0,0.0,0.0,flow_packet_count,61.62633553119649
135,106436,570.237037037037,3973.8241572400316,-3403.587120202995,60.0,198.0,-138.0,0.0,0.0,0.0,flow_byte_count,85.65016934636867
135,106436,1.4592592592592593,2.5883911458529067,-1.1291318865936475,1.0,3.0,-2.0,0.0,0.0,0.0,forward_packet_count,43.62292339018122
135,106436,0.2740740740740741,1.9285955879589614,-1.6545215138848872,0.0,0.0,0.0,0.0,0.0,0.0,reverse_packet_count,85.78892973803141
135,106436,254.5037037037037,355.25357022060206,-100.74986651689835,60.0,198.0,-138.0,0.0,0.0,0.0,forward_byte_count,28.359987052159852
135,106436,315.73333333333335,3618.5705870194297,-3302.837253686096,0.0,0.0,0.0,0.0,0.0,0.0,reverse_byte_count,91.2746393709733
135,106436,0.5017802342772484,0.32118682236224755,0.18059341191500083,2.0265579223632812e-06,4.0531158447265625e-06,-2.0265579223632812e-06,0.762962962962963,0.2622420985380886,0.5007208644248744,iat_min,56.226905757459825
135,106436,0.8779271879691483,0.6716738119159521,0.20625337605319616,2.1457672119140625e-06,0.0019428133964538002,-0.0019406676292418861,0.762962962962963,0.2622420985380886,0.5007208644248744,iat_mean,30.70737200023589
135,106436,1.553707405924797,2.0991555819429557,-0.5454481760181586,3.337860107421875e-06,0.0068550109863281,-0.006851673126220678,0.762962962962963,0.2622420985380886,0.5007208644248744,iat_max,25.984171002384578
135,106436,0.4484542715501731,0.6050134375085511,-0.156559165958378,0.0,0.00046760986477085,-0.00046760986477085,0.762962962962963,0.2622420985380886,0.5007208644248744,iat_std,25.876973345102805
135,106436,211542013.3169021,13113803.787250156,198428209.52965194,110470565.64705883,145725.19223760633,110324840.45482123,0.762962962962963,0.26373595400052613,0.4992270089624368,byte_rate,1513.1247405315992
135,106436,141.5564413090339,464.1182973565921,-322.5618560475582,60.0,66.0,-6.0,0.0,0.0,0.0,frame_length_mean,69.49992230100055
135,106436,124.24533019792278,448.3495936714343,-324.10426347351154,40.0,52.0,-12.0,0.0,0.0,0.0,ip_total_length_mean,72.28829200434741
135,106436,30928.414814814816,41049.76413995265,-10121.349325137831,38182.0,44694.0,-6512.0,0.0,0.0,0.0,src_port,24.656291058410712
135,106436,16455.303703703703,5887.188864669849,10568.114839033853,80.0,80.0,0.0,0.0,0.0,0.0,dst_port,179.5103755283806
135,106436,0.0,0.0,0.0,0.0,0.0,0.0,0.0,0.0,0.0,ip_dscp,
135,106436,0.0,0.0,0.0,0.0,0.0,0.0,0.0,0.0,0.0,ip_ecn,
135,106436,20.0,20.0,0.0,20.0,20.0,0.0,0.0,0.0,0.0,ip_header_length,0.0
135,106436,1.0,1.0,0.0,1.0,1.0,0.0,0.0,0.0,0.0,ip_checksum_valid,0.0
135,106436,0.9629629629629629,0.6919463339471608,0.27101662901580215,1.0,1.0,0.0,0.0,0.0,0.0,l4_checksum_valid,39.16729025353834
135,106436,0.07407407407407407,0.4277781953474388,-0.35370412127336476,0.0,0.0,0.0,0.0,0.0,0.0,flow_direction,82.68399958676913
71,106436,6.0,6.0,0.0,6.0,6.0,0.0,0.0,0.0,0.0,ip_protocol,0.0
71,106436,62.62910798122066,62.5256466241688,0.10346135705186299,62.0,62.0,0.0,0.0,0.0,0.0,ttl_mean,0.16547027122126684
71,106436,578.1659624413145,2527.374487987173,-1949.2085255458583,235.0,281.0,-46.0,0.0,0.0,0.0,tcp_window_mean,77.12385065254924
71,106436,27.4679186228482,29.11187136987724,-1.64395274702904,32.0,32.0,0.0,0.0,0.0,0.0,tcp_header_length_mean,5.647018448735239
71,106436,0.15492957746478872,0.7236649254011801,-0.5687353479363914,0.0,0.0,0.0,0.0,0.0,0.0,syn_count,78.59097877669005
71,106436,1.619718309859155,3.755834492089143,-2.136116182229988,1.0,3.0,-2.0,0.0,0.0,0.0,ack_count,56.87460900445046
71,106436,0.4507042253521127,0.43323687474162875,0.017467350610483934,0.0,0.0,0.0,0.0,0.0,0.0,fin_count,4.031824534996244
71,106436,0.4788732394366197,0.5469202149648615,-0.06804697552824185,0.0,1.0,-1.0,0.0,0.0,0.0,rst_count,12.44184684828549
71,106436,0.36619718309859156,0.7381243188394904,-0.3719271357408988,0.0,0.0,0.0,0.0,0.0,0.0,psh_count,50.38814278950435
71,106436,0.07042253521126761,0.3233586380547935,-0.25293610284352586,0.0,0.0,0.0,0.0,0.0,0.0,syn_seen,78.22153889721218
71,106436,0.07042253521126761,0.3146867601187568,-0.24426422490748917,0.0,0.0,0.0,0.0,0.0,0.0,syn_ack_seen,77.62138604601874
71,106436,0.07042253521126761,0.31466796948400916,-0.24424543427274154,0.0,0.0,0.0,0.0,0.0,0.0,ack_after_syn_ack,77.62004969023504
71,106436,0.2138667878970294,2.5286149281611228,-2.3147481402640935,0.0,0.0009889602661132,-0.0009889602661132,0.0,0.0,0.0,flow_duration,91.54213694164342
71,106436,2.140845070422535,4.516986733811868,-2.3761416633893333,1.0,3.0,-2.0,0.0,0.0,0.0,flow_packet_count,52.60457476225785
71,106436,1014.4929577464789,3973.8241572400316,-2959.331199493553,77.0,198.0,-121.0,0.0,0.0,0.0,flow_byte_count,74.4706127497327
71,106436,1.6619718309859155,2.5883911458529067,-0.9264193148669913,1.0,3.0,-2.0,0.0,0.0,0.0,forward_packet_count,35.79131833885658
71,106436,0.4788732394366197,1.9285955879589614,-1.4497223485223416,0.0,0.0,0.0,0.0,0.0,0.0,reverse_packet_count,75.1698467824759
71,106436,481.4507042253521,355.25357022060206,126.19713400475007,66.0,198.0,-132.0,0.0,0.0,0.0,forward_byte_count,35.523114919404
71,106436,533.0422535211268,3618.5705870194297,-3085.528333498303,0.0,0.0,0.0,0.0,0.0,0.0,reverse_byte_count,85.26925920878092
71,106436,0.0015223943270169563,0.32118682236224755,-0.3196644280352306,4.887580871582031e-06,4.0531158447265625e-06,8.344650268554688e-07,0.6338028169014085,0.2622420985380886,0.3715607183633199,iat_min,99.52600971739123
71,106436,0.052359659981881065,0.6716738119159521,-0.619314151934071,0.00084382295608515,0.0019428133964538002,-0.0010989904403686502,0.6338028169014085,0.2622420985380886,0.3715607183633199,iat_mean,92.20460005243841
71,106436,0.2860773526705228,2.0991555819429557,-1.813078229272433,0.00098097324371335,0.0068550109863281,-0.0058740377426147496,0.6338028169014085,0.2622420985380886,0.3715607183633199,iat_max,86.37178896450673
71,106436,0.0981677797453068,0.6050134375085511,-0.5068456577632443,0.0,0.00046760986477085,-0.00046760986477085,0.6338028169014085,0.2622420985380886,0.3715607183633199,iat_std,83.77428108877015
71,106436,42230397.269011185,13113803.787250156,29116593.48176103,134523.18440070818,145725.19223760633,-11202.007836898149,0.6338028169014085,0.26373595400052613,0.37006686290088237,byte_rate,222.0301138718388
71,106436,149.97832550860724,464.1182973565921,-314.13997184798484,66.0,66.0,0.0,0.0,0.0,0.0,frame_length_mean,67.6853236851863
71,106436,133.65438184663537,448.3495936714343,-314.69521182479895,52.0,52.0,0.0,0.0,0.0,0.0,ip_total_length_mean,70.18969488693642
71,106436,29838.422535211266,41049.76413995265,-11211.341604741381,39584.0,44694.0,-5110.0,0.0,0.0,0.0,src_port,27.311585924143422
71,106436,16082.0,5887.188864669849,10194.81113533015,80.0,80.0,0.0,0.0,0.0,0.0,dst_port,173.16942550477987
71,106436,0.0,0.0,0.0,0.0,0.0,0.0,0.0,0.0,0.0,ip_dscp,
71,106436,0.0,0.0,0.0,0.0,0.0,0.0,0.0,0.0,0.0,ip_ecn,
71,106436,20.0,20.0,0.0,20.0,20.0,0.0,0.0,0.0,0.0,ip_header_length,0.0
71,106436,1.0,1.0,0.0,1.0,1.0,0.0,0.0,0.0,0.0,ip_checksum_valid,0.0
71,106436,0.9295774647887324,0.6919463339471608,0.23763113084157161,1.0,1.0,0.0,0.0,0.0,0.0,l4_checksum_valid,34.342422119071145
71,106436,0.2112676056338028,0.4277781953474388,-0.21651058971363601,0.0,0.0,0.0,0.0,0.0,0.0,flow_direction,50.61281572282744
930,107819,6.0,10.138760329812,-4.1387603298119995,6.0,6.0,0.0,0.0,0.0,0.0,ip_protocol,40.821167432495606
930,107819,62.77962137222499,107.83125862869676,-45.05163725647177,63.0,96.0,-33.0,0.0,0.0,0.0,ttl_mean,41.77975647265823
930,107819,3453.3056489449627,6056.93028036041,-2603.624631415447,351.2142857142857,392.0,-40.78571428571428,0.0,0.3762509390738182,-0.3762509390738182,tcp_window_mean,42.9858775138571
930,107819,30.14459301062317,25.38209009296833,4.762502917654839,32.0,21.846153846153847,10.153846153846153,0.0,0.3762509390738182,-0.3762509390738182,tcp_header_length_mean,18.76324171969671
930,107819,1.0548387096774194,0.41213515243138965,0.6427035572460298,0.0,0.0,0.0,0.0,0.0,0.0,syn_count,155.94485290914952
930,107819,4.558064516129032,29.54288205232844,-24.984817536199408,4.0,1.0,3.0,0.0,0.0,0.0,ack_count,84.57136135853142
930,107819,0.6225806451612903,0.38381917843793767,0.23876146672335263,1.0,0.0,1.0,0.0,0.0,0.0,fin_count,62.20675780065523
930,107819,0.34623655913978496,0.10022352275572952,0.24601303638405544,0.0,0.0,0.0,0.0,0.0,0.0,rst_count,245.46436766511636
930,107819,1.0903225806451613,2.2160936384125245,-1.1257710577673632,1.0,0.0,1.0,0.0,0.0,0.0,psh_count,50.79979646409696
930,107819,0.4666666666666667,0.19552212504289596,0.2711445416237707,0.0,0.0,0.0,0.0,0.0,0.0,syn_seen,138.67716585234731
930,107819,0.46559139784946235,0.19375063764271602,0.2718407602067463,0.0,0.0,0.0,0.0,0.0,0.0,syn_ack_seen,140.30444674356715
930,107819,0.46559139784946235,0.19344456913902003,0.2721468287104423,0.0,0.0,0.0,0.0,0.0,0.0,ack_after_syn_ack,140.6846570682801
930,107819,1.0514708888146185,10.174669446486481,-9.123198557671863,0.0020093917846679002,0.0002369880676269,0.0017724037170410002,0.0,0.0,0.0,flow_duration,89.66579804538306
930,107819,5.398924731182795,31.236785724223004,-25.83786099304021,5.0,2.0,3.0,0.0,0.0,0.0,flow_packet_count,82.71613225878063
930,107819,5808.459139784946,34842.23353026832,-29033.774390483373,330.0,280.0,50.0,0.0,0.0,0.0,flow_byte_count,83.32925719374738
930,107819,2.724731182795699,14.502842727163117,-11.778111544367418,3.0,2.0,1.0,0.0,0.0,0.0,forward_packet_count,81.21243376864034
930,107819,2.674193548387097,16.733942997059888,-14.059749448672791,1.0,1.0,0.0,0.0,0.0,0.0,reverse_packet_count,84.01934589560305
930,107819,684.9580645161291,1354.7618137805025,-669.8037492643734,330.0,144.0,186.0,0.0,0.0,0.0,forward_byte_count,49.44070186000198
930,107819,5123.501075268818,33487.47171648782,-28363.970641219,60.0,150.0,-90.0,0.0,0.0,0.0,reverse_byte_count,84.70024515841182
930,107819,0.02603408851623535,0.030947540353568895,-0.0049134518373335455,4.0531158447265625e-06,3.814697265625e-06,2.384185791015625e-07,0.3279569892473118,0.28978194937812446,0.038175039869187355,iat_min,15.876711949313032
930,107819,0.1984313779450865,0.7604491267243678,-0.5620177487792813,0.0180588960647583,0.0155593554178873,0.002499540646871001,0.3279569892473118,0.28978194937812446,0.038175039869187355,iat_mean,73.90602855975008
930,107819,1.0595774669647218,4.032182873490197,-2.9726054065254752,0.1312849521636963,0.0310280323028564,0.10025691986083989,0.3279569892473118,0.28978194937812446,0.038175039869187355,iat_max,73.7219888033608
930,107819,0.34765349886718694,1.336704720014138,-0.9890512211469511,0.0432199684247974,0.0001185179372224,0.043101450487575,0.3279569892473118,0.28978194937812446,0.038175039869187355,iat_std,73.99175048446676
930,107819,13981106.738602545,7185956.655768101,6795150.082834444,85127.09020409021,13035.383711895704,72091.70649219451,0.3279569892473118,0.29028278874780883,0.037674200499502986,byte_rate,94.5615233760148
930,107819,653.5101272909358,150.19221985037836,503.3179074405574,77.0,94.0,-17.0,0.0,0.0,0.0,frame_length_mean,335.1158321928814
930,107819,638.1301778918212,134.42509950426884,503.70507838755236,63.0,79.66666666666667,-16.66666666666667,0.0,0.0,0.0,ip_total_length_mean,374.71058622616573
930,107819,38638.68817204301,37826.21443344865,812.473738594359,42830.0,50207.0,-7377.0,0.0,0.0,0.0,src_port,2.147911840408517
930,107819,6943.070967741935,11349.857622496962,-4406.786654755027,80.0,80.0,0.0,0.0,0.0,0.0,dst_port,38.826801192820035
930,107819,0.0,0.5371780483959228,-0.5371780483959228,0.0,0.0,0.0,0.0,0.0,0.0,ip_dscp,100.0
930,107819,0.0,0.0008718314953765106,-0.0008718314953765106,0.0,0.0,0.0,0.0,0.0,0.0,ip_ecn,100.0
930,107819,20.0,20.0,0.0,20.0,20.0,0.0,0.0,0.0,0.0,ip_header_length,0.0
930,107819,1.0,1.0,0.0,1.0,1.0,0.0,0.0,0.0,0.0,ip_checksum_valid,0.0
930,107819,0.5344086021505376,0.919819326834788,-0.3854107246842503,1.0,1.0,0.0,0.0,0.0,0.0,l4_checksum_valid,41.90069869595981
930,107819,0.5182795698924731,0.6004414806295736,-0.08216191073710044,1.0,1.0,0.0,0.0,0.0,0.0,flow_direction,13.683583394497031
12,107819,6.0,10.138760329812,-4.1387603298119995,6.0,6.0,0.0,0.0,0.0,0.0,ip_protocol,40.821167432495606
12,107819,63.083333333333336,107.83125862869676,-44.74792529536342,63.5,96.0,-32.5,0.0,0.0,0.0,ttl_mean,41.498101630666504
12,107819,140.375,6056.93028036041,-5916.55528036041,235.0,392.0,-157.0,0.0,0.3762509390738182,-0.3762509390738182,tcp_window_mean,97.6824068710983
12,107819,27.0,25.38209009296833,1.6179099070316703,32.0,21.846153846153847,10.153846153846153,0.0,0.3762509390738182,-0.3762509390738182,tcp_header_length_mean,6.3742185970724465
12,107819,0.0,0.41213515243138965,-0.41213515243138965,0.0,0.0,0.0,0.0,0.0,0.0,syn_count,100.0
12,107819,1.0833333333333333,29.54288205232844,-28.45954871899511,1.5,1.0,0.5,0.0,0.0,0.0,ack_count,96.33301405254079
12,107819,0.5833333333333334,0.38381917843793767,0.1995141548953957,1.0,0.0,1.0,0.0,0.0,0.0,fin_count,51.98128861287646
12,107819,0.4166666666666667,0.10022352275572952,0.3164431439109372,0.0,0.0,0.0,0.0,0.0,0.0,rst_count,315.7373989758776
12,107819,0.5,2.2160936384125245,-1.7160936384125245,0.5,0.0,0.5,0.0,0.0,0.0,psh_count,77.43777648501488
12,107819,0.0,0.19552212504289596,-0.19552212504289596,0.0,0.0,0.0,0.0,0.0,0.0,syn_seen,100.0
12,107819,0.0,0.19375063764271602,-0.19375063764271602,0.0,0.0,0.0,0.0,0.0,0.0,syn_ack_seen,100.0
12,107819,0.0,0.19344456913902003,-0.19344456913902003,0.0,0.0,0.0,0.0,0.0,0.0,ack_after_syn_ack,100.0
12,107819,6.357828776041666e-07,10.174669446486481,-10.174668810703604,0.0,0.0002369880676269,-0.0002369880676269,0.0,0.0,0.0,flow_duration,99.99999375131664
12,107819,1.5,31.236785724223004,-29.736785724223004,1.5,2.0,-0.5,0.0,0.0,0.0,flow_packet_count,95.19796942859968
12,107819,298.6666666666667,34842.23353026832,-34543.566863601656,104.5,280.0,-175.5,0.0,0.0,0.0,flow_byte_count,99.14280275285107
12,107819,1.4166666666666667,14.502842727163117,-13.08617606049645,1.0,2.0,-1.0,0.0,0.0,0.0,forward_packet_count,90.23180011451605
12,107819,0.08333333333333333,16.733942997059888,-16.650609663726556,0.0,1.0,-1.0,0.0,0.0,0.0,reverse_packet_count,99.50201017567723
12,107819,293.1666666666667,1354.7618137805025,-1061.5951471138358,71.5,144.0,-72.5,0.0,0.0,0.0,forward_byte_count,78.36027974182586
12,107819,5.5,33487.47171648782,-33481.97171648782,0.0,150.0,-150.0,0.0,0.0,0.0,reverse_byte_count,99.9835759473078
12,107819,1.2715657552083333e-06,0.030947540353568895,-0.03094626878781369,1.1920928955078125e-06,3.814697265625e-06,-2.6226043701171875e-06,0.5,0.28978194937812446,0.21021805062187554,iat_min,99.99589122191722
12,107819,1.2715657552083333e-06,0.7604491267243678,-0.7604478551586126,1.1920928955078125e-06,0.0155593554178873,-0.015558163324991792,0.5,0.28978194937812446,0.21021805062187554,iat_mean,99.99983278753166
12,107819,1.2715657552083333e-06,4.032182873490197,-4.032181601924442,1.1920928955078125e-06,0.0310280323028564,-0.031026840209960892,0.5,0.28978194937812446,0.21021805062187554,iat_max,99.99996846458123
12,107819,0.0,1.336704720014138,-1.336704720014138,0.0,0.0001185179372224,-0.0001185179372224,0.5,0.28978194937812446,0.21021805062187554,iat_std,100.0
12,107819,449978914.1333333,7185956.655768101,442792957.4775652,515899392.0,13035.383711895704,515886356.6162881,0.5833333333333334,0.29028278874780883,0.29305054458552454,byte_rate,6161.920794806623
12,107819,165.04166666666666,150.19221985037836,14.849446816288292,71.5,94.0,-22.5,0.0,0.0,0.0,frame_length_mean,9.886961409240323
12,107819,148.54166666666666,134.42509950426884,14.116567162397814,57.5,79.66666666666667,-22.16666666666667,0.0,0.0,0.0,ip_total_length_mean,10.50143701917031
12,107819,20082.166666666668,37826.21443344865,-17744.047766781983,80.0,50207.0,-50127.0,0.0,0.0,0.0,src_port,46.90939347896105
12,107819,30817.666666666668,11349.857622496962,19467.809044169706,48963.0,80.0,48883.0,0.0,0.0,0.0,dst_port,171.52469829737655
12,107819,0.0,0.5371780483959228,-0.5371780483959228,0.0,0.0,0.0,0.0,0.0,0.0,ip_dscp,100.0
12,107819,0.0,0.0008718314953765106,-0.0008718314953765106,0.0,0.0,0.0,0.0,0.0,0.0,ip_ecn,100.0
12,107819,20.0,20.0,0.0,20.0,20.0,0.0,0.0,0.0,0.0,ip_header_length,0.0
12,107819,1.0,1.0,0.0,1.0,1.0,0.0,0.0,0.0,0.0,ip_checksum_valid,0.0
12,107819,1.0,0.919819326834788,0.08018067316521205,1.0,1.0,0.0,0.0,0.0,0.0,l4_checksum_valid,8.717002440155683
12,107819,0.08333333333333333,0.6004414806295736,-0.5171081472962402,0.0,1.0,-1.0,0.0,0.0,0.0,flow_direction,86.12132305616912
