group,port_type,port,count,percentage
Persistent FN,src_port,80,47,34.81481481481482
Persistent FN,src_port,35970,2,1.4814814814814816
Persistent FN,src_port,43600,2,1.4814814814814816
Persistent FN,src_port,54580,1,0.7407407407407408
Persistent FN,src_port,54210,1,0.7407407407407408
Persistent FN,src_port,54218,1,0.7407407407407408
Persistent FN,src_port,54264,1,0.7407407407407408
Persistent FN,src_port,54236,1,0.7407407407407408
Persistent FN,src_port,54310,1,0.7407407407407408
Persistent FN,src_port,54356,1,0.7407407407407408
Persistent FN,src_port,54004,1,0.7407407407407408
Persistent FN,src_port,53990,1,0.7407407407407408
Persistent FN,src_port,53966,1,0.7407407407407408
Persistent FN,src_port,53948,1,0.7407407407407408
Persistent FN,src_port,53954,1,0.7407407407407408
Persistent FN,src_port,54000,1,0.7407407407407408
Persistent FN,src_port,53872,1,0.7407407407407408
Persistent FN,src_port,53866,1,0.7407407407407408
Persistent FN,src_port,35400,1,0.7407407407407408
Persistent FN,src_port,37580,1,0.7407407407407408
Persistent FN,dst_port,80,88,65.18518518518519
Persistent FN,dst_port,53688,1,0.7407407407407408
Persistent FN,dst_port,54210,1,0.7407407407407408
Persistent FN,dst_port,54230,1,0.7407407407407408
Persistent FN,dst_port,54282,1,0.7407407407407408
Persistent FN,dst_port,53878,1,0.7407407407407408
Persistent FN,dst_port,54364,1,0.7407407407407408
Persistent FN,dst_port,54390,1,0.7407407407407408
Persistent FN,dst_port,54008,1,0.7407407407407408
Persistent FN,dst_port,53934,1,0.7407407407407408
Persistent FN,dst_port,53922,1,0.7407407407407408
Persistent FN,dst_port,53890,1,0.7407407407407408
Persistent FN,dst_port,53884,1,0.7407407407407408
Persistent FN,dst_port,53834,1,0.7407407407407408
Persistent FN,dst_port,53824,1,0.7407407407407408
Persistent FN,dst_port,33230,1,0.7407407407407408
Persistent FN,dst_port,35594,1,0.7407407407407408
Persistent FN,dst_port,35586,1,0.7407407407407408
Persistent FN,dst_port,35638,1,0.7407407407407408
Persistent FN,dst_port,52272,1,0.7407407407407408
V2-only FN,src_port,80,24,33.80281690140845
V2-only FN,src_port,47608,2,2.8169014084507045
V2-only FN,src_port,54796,1,1.4084507042253522
V2-only FN,src_port,35380,1,1.4084507042253522
V2-only FN,src_port,32964,1,1.4084507042253522
V2-only FN,src_port,38472,1,1.4084507042253522
V2-only FN,src_port,45742,1,1.4084507042253522
V2-only FN,src_port,54072,1,1.4084507042253522
V2-only FN,src_port,54114,1,1.4084507042253522
V2-only FN,src_port,47780,1,1.4084507042253522
V2-only FN,src_port,34820,1,1.4084507042253522
V2-only FN,src_port,35054,1,1.4084507042253522
V2-only FN,src_port,35510,1,1.4084507042253522
V2-only FN,src_port,39584,1,1.4084507042253522
V2-only FN,src_port,44648,1,1.4084507042253522
V2-only FN,src_port,46346,1,1.4084507042253522
V2-only FN,src_port,48244,1,1.4084507042253522
V2-only FN,src_port,34076,1,1.4084507042253522
V2-only FN,src_port,35424,1,1.4084507042253522
V2-only FN,src_port,42418,1,1.4084507042253522
V2-only FN,dst_port,80,47,66.19718309859155
V2-only FN,dst_port,33118,1,1.4084507042253522
V2-only FN,dst_port,52466,1,1.4084507042253522
V2-only FN,dst_port,48772,1,1.4084507042253522
V2-only FN,dst_port,51048,1,1.4084507042253522
V2-only FN,dst_port,56564,1,1.4084507042253522
V2-only FN,dst_port,43690,1,1.4084507042253522
V2-only FN,dst_port,39302,1,1.4084507042253522
V2-only FN,dst_port,42284,1,1.4084507042253522
V2-only FN,dst_port,56250,1,1.4084507042253522
V2-only FN,dst_port,43858,1,1.4084507042253522
V2-only FN,dst_port,34594,1,1.4084507042253522
V2-only FN,dst_port,42910,1,1.4084507042253522
V2-only FN,dst_port,48078,1,1.4084507042253522
V2-only FN,dst_port,57670,1,1.4084507042253522
V2-only FN,dst_port,41338,1,1.4084507042253522
V2-only FN,dst_port,33782,1,1.4084507042253522
V2-only FN,dst_port,47558,1,1.4084507042253522
V2-only FN,dst_port,48904,1,1.4084507042253522
V2-only FN,dst_port,48900,1,1.4084507042253522
Persistent FP,src_port,80,138,14.838709677419354
Persistent FP,src_port,38306,4,0.43010752688172044
Persistent FP,src_port,38276,4,0.43010752688172044
Persistent FP,src_port,51814,3,0.3225806451612903
Persistent FP,src_port,34316,3,0.3225806451612903
Persistent FP,src_port,59850,3,0.3225806451612903
Persistent FP,src_port,36904,3,0.3225806451612903
Persistent FP,src_port,48810,3,0.3225806451612903
Persistent FP,src_port,57896,3,0.3225806451612903
Persistent FP,src_port,43864,3,0.3225806451612903
Persistent FP,src_port,42326,3,0.3225806451612903
Persistent FP,src_port,46258,3,0.3225806451612903
Persistent FP,src_port,55276,3,0.3225806451612903
Persistent FP,src_port,59566,2,0.21505376344086022
Persistent FP,src_port,34626,2,0.21505376344086022
Persistent FP,src_port,36940,2,0.21505376344086022
Persistent FP,src_port,32980,2,0.21505376344086022
Persistent FP,src_port,38180,2,0.21505376344086022
Persistent FP,src_port,47220,2,0.21505376344086022
Persistent FP,src_port,54116,2,0.21505376344086022
Persistent FP,dst_port,80,792,85.16129032258064
Persistent FP,dst_port,57624,2,0.21505376344086022
Persistent FP,dst_port,48390,2,0.21505376344086022
Persistent FP,dst_port,35968,2,0.21505376344086022
Persistent FP,dst_port,56556,2,0.21505376344086022
Persistent FP,dst_port,51418,2,0.21505376344086022
Persistent FP,dst_port,43602,2,0.21505376344086022
Persistent FP,dst_port,43690,2,0.21505376344086022
Persistent FP,dst_port,53644,1,0.10752688172043011
Persistent FP,dst_port,54278,1,0.10752688172043011
Persistent FP,dst_port,54304,1,0.10752688172043011
Persistent FP,dst_port,53856,1,0.10752688172043011
Persistent FP,dst_port,53848,1,0.10752688172043011
Persistent FP,dst_port,53836,1,0.10752688172043011
Persistent FP,dst_port,35376,1,0.10752688172043011
Persistent FP,dst_port,37546,1,0.10752688172043011
Persistent FP,dst_port,48654,1,0.10752688172043011
Persistent FP,dst_port,48706,1,0.10752688172043011
Persistent FP,dst_port,48824,1,0.10752688172043011
Persistent FP,dst_port,50656,1,0.10752688172043011
V2-only FP,src_port,80,7,58.333333333333336
V2-only FP,src_port,54366,1,8.333333333333332
V2-only FP,src_port,54028,1,8.333333333333332
V2-only FP,src_port,35048,1,8.333333333333332
V2-only FP,src_port,50722,1,8.333333333333332
V2-only FP,src_port,46262,1,8.333333333333332
V2-only FP,dst_port,80,5,41.66666666666667
V2-only FP,dst_port,54354,1,8.333333333333332
V2-only FP,dst_port,54428,1,8.333333333333332
V2-only FP,dst_port,54456,1,8.333333333333332
V2-only FP,dst_port,54462,1,8.333333333333332
V2-only FP,dst_port,53786,1,8.333333333333332
V2-only FP,dst_port,48678,1,8.333333333333332
V2-only FP,dst_port,49248,1,8.333333333333332
All Attack,src_port,80,13193,12.395242211281897
All Attack,src_port,38082,17,0.01597203953549551
All Attack,src_port,52372,17,0.01597203953549551
All Attack,src_port,46866,17,0.01597203953549551
All Attack,src_port,37374,16,0.01503250779811342
All Attack,src_port,39710,16,0.01503250779811342
All Attack,src_port,38428,16,0.01503250779811342
All Attack,src_port,56846,16,0.01503250779811342
All Attack,src_port,34594,16,0.01503250779811342
All Attack,src_port,37218,16,0.01503250779811342
All Attack,src_port,40864,16,0.01503250779811342
All Attack,src_port,42254,16,0.01503250779811342
All Attack,src_port,44822,16,0.01503250779811342
All Attack,src_port,53502,15,0.01409297606073133
All Attack,src_port,54450,15,0.01409297606073133
All Attack,src_port,37596,15,0.01409297606073133
All Attack,src_port,37736,15,0.01409297606073133
All Attack,src_port,37892,15,0.01409297606073133
All Attack,src_port,38052,15,0.01409297606073133
All Attack,src_port,51560,15,0.01409297606073133
All Attack,dst_port,80,93243,87.6047577887181
All Attack,dst_port,37894,6,0.005637190424292533
All Attack,dst_port,54282,5,0.004697658686910444
All Attack,dst_port,36950,5,0.004697658686910444
All Attack,dst_port,54994,5,0.004697658686910444
All Attack,dst_port,52810,5,0.004697658686910444
All Attack,dst_port,58020,5,0.004697658686910444
All Attack,dst_port,58642,5,0.004697658686910444
All Attack,dst_port,58822,5,0.004697658686910444
All Attack,dst_port,60036,5,0.004697658686910444
All Attack,dst_port,33784,5,0.004697658686910444
All Attack,dst_port,34764,5,0.004697658686910444
All Attack,dst_port,42368,5,0.004697658686910444
All Attack,dst_port,43006,5,0.004697658686910444
All Attack,dst_port,46724,5,0.004697658686910444
All Attack,dst_port,33172,5,0.004697658686910444
All Attack,dst_port,34540,5,0.004697658686910444
All Attack,dst_port,36144,5,0.004697658686910444
All Attack,dst_port,35334,5,0.004697658686910444
All Attack,dst_port,47070,5,0.004697658686910444
All Benign,src_port,443,16317,15.133696287296303
All Benign,src_port,80,6885,6.3857019634758245
All Benign,src_port,123,623,0.5778202357654959
All Benign,src_port,22,416,0.3858318107198175
All Benign,src_port,137,290,0.26896929112679585
All Benign,src_port,21,219,0.2031181888164424
All Benign,src_port,389,146,0.13541212587762824
All Benign,src_port,139,119,0.11037015739340933
All Benign,src_port,88,102,0.09460299205149371
All Benign,src_port,465,87,0.08069078733803875
All Benign,src_port,138,66,0.061213700739201814
All Benign,src_port,3268,51,0.047301496025746854
All Benign,src_port,49666,35,0.032461810998061565
All Benign,src_port,5353,25,0.023187007855758262
All Benign,src_port,135,24,0.02225952754152793
All Benign,src_port,445,22,0.02040456691306727
All Benign,src_port,60048,18,0.01669464565614595
All Benign,src_port,60400,16,0.014839685027685288
All Benign,src_port,61044,16,0.014839685027685288
All Benign,src_port,60656,15,0.013912204713454956
All Benign,dst_port,53,39360,36.50562516810581
All Benign,dst_port,443,26207,24.306476595034272
All Benign,dst_port,80,14296,13.259258572236805
All Benign,dst_port,22,625,0.5796751963939566
All Benign,dst_port,123,623,0.5778202357654959
All Benign,dst_port,21,311,0.28844637772563275
All Benign,dst_port,137,286,0.26525936986987453
All Benign,dst_port,88,203,0.18827850378875707
All Benign,dst_port,389,202,0.18735102347452676
All Benign,dst_port,465,149,0.13819456682031922
All Benign,dst_port,139,124,0.11500755896456098
All Benign,dst_port,3268,71,0.06585110231035347
All Benign,dst_port,445,70,0.06492362199612313
All Benign,dst_port,138,66,0.061213700739201814
All Benign,dst_port,49666,43,0.03988165351190421
All Benign,dst_port,135,29,0.02689692911267958
All Benign,dst_port,37082,27,0.025041968484218923
All Benign,dst_port,39282,27,0.025041968484218923
All Benign,dst_port,5353,25,0.023187007855758262
All Benign,dst_port,40510,20,0.01854960628460661
